VehicleID,DepotState,DeportCity,DepotZipcode,GPSState,GPSCity,SourceTypeID,Vocation,VINstem,Model,Manufacturer,ModelYear,GVWR,Combination,SleeperCab,Axles,Wheels,EngineManufacturer,EngineModelYear,Engine,AuxiliaryPower Unit,HybridElectric,Fuel,Odometer,Age,MilesDrivenPerOperationDay
1,TN,Knoxville,Unknown,TN,Jefferson City,62,Long Haul,Unknown,VNL,Volvo,2005,Unknown,TRUE,FALSE,Unknown,Unknown,Unknown,Unknown,Unknown,Unknown,FALSE,Diesel,Unknown,1,238.9269192
2,TN,Knoxville,Unknown,TN,Memphis,62,Long Haul,Unknown,VNL,Volvo,2005,Unknown,TRUE,FALSE,Unknown,Unknown,Unknown,Unknown,Unknown,Unknown,FALSE,Diesel,Unknown,1,249.8784394
3,TN,Knoxville,Unknown,TX,Addison,62,Long Haul,Unknown,VNL,Volvo,2005,Unknown,TRUE,FALSE,Unknown,Unknown,Unknown,Unknown,Unknown,Unknown,FALSE,Diesel,Unknown,1,217.4961774
4,TN,Knoxville,Unknown,TN,Strawberry Plains,62,Long Haul,Unknown,VNL,Volvo,2005,Unknown,TRUE,FALSE,Unknown,Unknown,Unknown,Unknown,Unknown,Unknown,FALSE,Diesel,Unknown,1,244.3346809
5,TN,Knoxville,Unknown,TN,Jefferson City,62,Long Haul,Unknown,VNL,Volvo,2005,Unknown,TRUE,FALSE,Unknown,Unknown,Unknown,Unknown,Unknown,Unknown,FALSE,Diesel,Unknown,1,242.6093214
6,TN,Knoxville,Unknown,OH,Columbus,62,Long Haul,Unknown,VNL,Volvo,2005,Unknown,TRUE,FALSE,Unknown,Unknown,Unknown,Unknown,Unknown,Unknown,FALSE,Diesel,Unknown,1,245.6335674
7,Unknown,Unknown,Unknown,PA,Mifflintown,62,Long Haul,Unknown,Unknown,Unknown,Unknown,53200,TRUE,FALSE,Unknown,Unknown,PACCAR,2015,MX-13,Unknown,FALSE,Diesel,Unknown,Unknown,573.7852651
8,Unknown,Unknown,Unknown,AZ,Chandler,62,Long Haul,Unknown,Unknown,Unknown,Unknown,52350,TRUE,FALSE,Unknown,Unknown,PACCAR,2015,MX-13,Unknown,FALSE,Diesel,Unknown,Unknown,212.2964863
9,Unknown,Unknown,Unknown,AZ,Buckeye,62,Long Haul,Unknown,Unknown,Unknown,Unknown,52350,TRUE,FALSE,Unknown,Unknown,PACCAR,2015,MX-13,Unknown,FALSE,Diesel,Unknown,Unknown,255.7430989
10,Unknown,Unknown,Unknown,OR,Sutherlin,62,Long Haul,Unknown,Unknown,Unknown,Unknown,64220,TRUE,FALSE,Unknown,Unknown,PACCAR,2015,MX-13,Unknown,FALSE,Diesel,Unknown,Unknown,102.5948155
11,Unknown,Unknown,Unknown,OR,Redmond,62,Long Haul,Unknown,Unknown,Unknown,Unknown,64220,TRUE,FALSE,Unknown,Unknown,PACCAR,2015,MX-13,Unknown,FALSE,Diesel,Unknown,Unknown,214.9339822
12,Unknown,Unknown,Unknown,AZ,Tucson,62,Long Haul,Unknown,Unknown,Unknown,Unknown,53200,TRUE,FALSE,Unknown,Unknown,PACCAR,2015,MX-13,Unknown,FALSE,Diesel,Unknown,Unknown,195.5127894
13,Unknown,Unknown,Unknown,CO,Denver,62,Long Haul,Unknown,Unknown,Unknown,Unknown,50000,TRUE,FALSE,Unknown,Unknown,PACCAR,2015,MX-13,Unknown,FALSE,Diesel,Unknown,Unknown,33.84027547
14,Unknown,Unknown,Unknown,CO,Denver,62,Long Haul,Unknown,Unknown,Unknown,Unknown,50000,TRUE,FALSE,Unknown,Unknown,PACCAR,2015,MX-13,Unknown,FALSE,Diesel,Unknown,Unknown,235.9362773
15,Unknown,Unknown,Unknown,UT,Woods Cross,62,Long Haul,Unknown,Unknown,Unknown,Unknown,53200,TRUE,FALSE,Unknown,Unknown,PACCAR,2015,MX-13,Unknown,FALSE,Diesel,Unknown,Unknown,507.5305289
16,Unknown,Unknown,Unknown,UT,Woods Cross,62,Long Haul,Unknown,Unknown,Unknown,Unknown,53200,TRUE,FALSE,Unknown,Unknown,PACCAR,2015,MX-13,Unknown,FALSE,Diesel,Unknown,Unknown,421.8686894
17,Unknown,Unknown,Unknown,WA,Spokane Valley,62,Long Haul,Unknown,Unknown,Unknown,Unknown,50000,TRUE,FALSE,Unknown,Unknown,PACCAR,2015,MX-13,Unknown,FALSE,Diesel,Unknown,Unknown,221.322272
18,Unknown,Unknown,Unknown,WA,Spokane Valley,62,Long Haul,Unknown,Unknown,Unknown,Unknown,50000,TRUE,FALSE,Unknown,Unknown,PACCAR,2015,MX-13,Unknown,FALSE,Diesel,Unknown,Unknown,199.8286314
19,Unknown,Unknown,Unknown,NY,The Bronx,62,Long Haul,Unknown,Unknown,Unknown,Unknown,50000,TRUE,FALSE,Unknown,Unknown,PACCAR,2013,MX-13,Unknown,FALSE,Diesel,Unknown,Unknown,575.7225788
20,Unknown,Unknown,Unknown,MN,Welch,62,Long Haul,Unknown,Unknown,Unknown,Unknown,50000,TRUE,FALSE,Unknown,Unknown,PACCAR,2013,MX-13,Unknown,FALSE,Diesel,Unknown,Unknown,243.6563585
21,Unknown,Unknown,Unknown,ND,Larimore,62,Long Haul,Unknown,Unknown,Unknown,Unknown,50000,TRUE,FALSE,Unknown,Unknown,PACCAR,2013,MX-13,Unknown,FALSE,Diesel,Unknown,Unknown,264.6569557
22,Unknown,Unknown,Unknown,NC,Reidsville,62,Long Haul,Unknown,Unknown,Unknown,Unknown,50000,TRUE,FALSE,Unknown,Unknown,PACCAR,2013,MX-13,Unknown,FALSE,Diesel,Unknown,Unknown,226.8175463
23,Unknown,Unknown,Unknown,MD,Thurmont,62,Long Haul,Unknown,Unknown,Unknown,Unknown,50000,TRUE,FALSE,Unknown,Unknown,PACCAR,2013,MX-13,Unknown,FALSE,Diesel,Unknown,Unknown,247.8134529
24,Unknown,Unknown,Unknown,QC,Saint-Bernard-de-Lacolle,62,Long Haul,Unknown,Unknown,Unknown,Unknown,53200,TRUE,FALSE,Unknown,Unknown,PACCAR,2013,MX-13,Unknown,FALSE,Diesel,Unknown,Unknown,210.4175717
25,Unknown,Unknown,Unknown,OR,Terrebonne,62,Long Haul,Unknown,Unknown,Unknown,Unknown,50000,TRUE,FALSE,Unknown,Unknown,PACCAR,2013,MX-13,Unknown,FALSE,Diesel,Unknown,Unknown,204.9194561
26,Unknown,Unknown,Unknown,NV,Sparks,62,Long Haul,Unknown,Unknown,Unknown,Unknown,52000,TRUE,FALSE,Unknown,Unknown,PACCAR,2013,MX-13,Unknown,FALSE,Diesel,Unknown,Unknown,61.59928592
27,Unknown,Unknown,Unknown,NV,Sparks,62,Long Haul,Unknown,Unknown,Unknown,Unknown,52000,TRUE,FALSE,Unknown,Unknown,PACCAR,2013,MX-13,Unknown,FALSE,Diesel,Unknown,Unknown,100.3639463
28,Unknown,Unknown,Unknown,NM,Albuquerque,62,Long Haul,Unknown,Unknown,Unknown,Unknown,50000,TRUE,FALSE,Unknown,Unknown,PACCAR,2013,MX-13,Unknown,FALSE,Diesel,Unknown,Unknown,427.4054314
29,Unknown,Unknown,Unknown,LA,Gonzales,62,Long Haul,Unknown,Unknown,Unknown,Unknown,50000,TRUE,FALSE,Unknown,Unknown,PACCAR,2013,MX-13,Unknown,FALSE,Diesel,Unknown,Unknown,401.4160903
30,Unknown,Unknown,Unknown,AZ,Phoenix,62,Long Haul,Unknown,Unknown,Unknown,Unknown,50000,TRUE,FALSE,Unknown,Unknown,PACCAR,2013,MX-13,Unknown,FALSE,Diesel,Unknown,Unknown,205.5109504
31,Unknown,Unknown,Unknown,OH,Green Springs,62,Long Haul,Unknown,Unknown,Unknown,Unknown,50000,TRUE,FALSE,Unknown,Unknown,PACCAR,2013,MX-13,Unknown,FALSE,Diesel,Unknown,Unknown,119.9687407
32,Unknown,Unknown,Unknown,AZ,Chandler,62,Long Haul,Unknown,Unknown,Unknown,Unknown,50000,TRUE,FALSE,Unknown,Unknown,PACCAR,2013,MX-13,Unknown,FALSE,Diesel,Unknown,Unknown,247.2906446
33,Unknown,Unknown,Unknown,AZ,Tempe,62,Long Haul,Unknown,Unknown,Unknown,Unknown,50000,TRUE,FALSE,Unknown,Unknown,PACCAR,2013,MX-13,Unknown,FALSE,Diesel,Unknown,Unknown,235.2611193
34,Unknown,Unknown,Unknown,WY,Rock Springs,62,Long Haul,Unknown,Unknown,Unknown,Unknown,50000,TRUE,FALSE,Unknown,Unknown,PACCAR,2013,MX-13,Unknown,FALSE,Diesel,Unknown,Unknown,138.360807
35,Unknown,Unknown,Unknown,AL,Theodore,62,Long Haul,Unknown,Unknown,Unknown,Unknown,50000,TRUE,FALSE,Unknown,Unknown,PACCAR,2013,MX-13,Unknown,FALSE,Diesel,Unknown,Unknown,491.7048524
36,Unknown,Unknown,Unknown,MN,Inver Grove Heights,62,Long Haul,Unknown,Unknown,Unknown,Unknown,50000,TRUE,FALSE,Unknown,Unknown,PACCAR,2013,MX-13,Unknown,FALSE,Diesel,Unknown,Unknown,153.5021621
37,Unknown,Unknown,Unknown,IN,New Haven,62,Long Haul,Unknown,Unknown,Unknown,Unknown,50000,TRUE,FALSE,Unknown,Unknown,PACCAR,2013,MX-13,Unknown,FALSE,Diesel,Unknown,Unknown,250.4811092
38,Unknown,Unknown,Unknown,IN,Indianapolis,62,Long Haul,Unknown,Unknown,Unknown,Unknown,50000,TRUE,FALSE,Unknown,Unknown,PACCAR,2013,MX-13,Unknown,FALSE,Diesel,Unknown,Unknown,199.4630571
39,Unknown,Unknown,Unknown,CA,Vacaville,62,Long Haul,Unknown,Unknown,Unknown,Unknown,50000,TRUE,FALSE,Unknown,Unknown,PACCAR,2013,MX-13,Unknown,FALSE,Diesel,Unknown,Unknown,216.5031936
40,Unknown,Unknown,Unknown,CA,Vacaville,62,Long Haul,Unknown,Unknown,Unknown,Unknown,50000,TRUE,FALSE,Unknown,Unknown,PACCAR,2013,MX-13,Unknown,FALSE,Diesel,Unknown,Unknown,144.2393828
41,Unknown,Unknown,Unknown,ND,Fargo,62,Long Haul,Unknown,Unknown,Unknown,Unknown,50000,TRUE,FALSE,Unknown,Unknown,PACCAR,2013,MX-13,Unknown,FALSE,Diesel,Unknown,Unknown,124.1917038
42,Unknown,Unknown,Unknown,ND,Fargo,62,Long Haul,Unknown,Unknown,Unknown,Unknown,50000,TRUE,FALSE,Unknown,Unknown,PACCAR,2013,MX-13,Unknown,FALSE,Diesel,Unknown,Unknown,141.2090813
43,Unknown,Unknown,Unknown,ND,Fargo,62,Long Haul,Unknown,Unknown,Unknown,Unknown,50000,TRUE,FALSE,Unknown,Unknown,PACCAR,2013,MX-13,Unknown,FALSE,Diesel,Unknown,Unknown,204.1323156
44,Unknown,Unknown,Unknown,ND,Fargo,62,Long Haul,Unknown,Unknown,Unknown,Unknown,50000,TRUE,FALSE,Unknown,Unknown,PACCAR,2013,MX-13,Unknown,FALSE,Diesel,Unknown,Unknown,188.1729862
45,Unknown,Unknown,Unknown,ND,Bismarck,62,Long Haul,Unknown,Unknown,Unknown,Unknown,50000,TRUE,FALSE,Unknown,Unknown,PACCAR,2013,MX-13,Unknown,FALSE,Diesel,Unknown,Unknown,216.9818236
46,Unknown,Unknown,Unknown,SD,Sioux Falls,62,Long Haul,Unknown,Unknown,Unknown,Unknown,50000,TRUE,FALSE,Unknown,Unknown,PACCAR,2013,MX-13,Unknown,FALSE,Diesel,Unknown,Unknown,412.6007134
47,Unknown,Unknown,Unknown,SD,Box Elder,62,Long Haul,Unknown,Unknown,Unknown,Unknown,50000,TRUE,FALSE,Unknown,Unknown,PACCAR,2013,MX-13,Unknown,FALSE,Diesel,Unknown,Unknown,346.4973468
48,Unknown,Unknown,Unknown,MT,Billings,62,Long Haul,Unknown,Unknown,Unknown,Unknown,50000,TRUE,FALSE,Unknown,Unknown,PACCAR,2013,MX-13,Unknown,FALSE,Diesel,Unknown,Unknown,149.8148091
49,Unknown,Unknown,Unknown,CA,Paso Robles,62,Long Haul,Unknown,Unknown,Unknown,Unknown,50350,TRUE,FALSE,Unknown,Unknown,PACCAR,2013,MX-13,Unknown,FALSE,Diesel,Unknown,Unknown,199.734417
50,Unknown,Unknown,Unknown,CA,San Miguel,62,Long Haul,Unknown,Unknown,Unknown,Unknown,50350,TRUE,FALSE,Unknown,Unknown,PACCAR,2013,MX-13,Unknown,FALSE,Diesel,Unknown,Unknown,96.65747125
51,Unknown,Unknown,Unknown,OK,Pauls Valley,62,Long Haul,Unknown,Unknown,Unknown,Unknown,52000,TRUE,FALSE,Unknown,Unknown,PACCAR,2013,MX-13,Unknown,FALSE,Diesel,Unknown,Unknown,149.692434
52,Unknown,Unknown,Unknown,KS,Oberlin,62,Long Haul,Unknown,Unknown,Unknown,Unknown,52000,TRUE,FALSE,Unknown,Unknown,PACCAR,2013,MX-13,Unknown,FALSE,Diesel,Unknown,Unknown,155.990257
53,Unknown,Unknown,Unknown,OK,Ardmore,62,Long Haul,Unknown,Unknown,Unknown,Unknown,52000,TRUE,FALSE,Unknown,Unknown,PACCAR,2013,MX-13,Unknown,FALSE,Diesel,Unknown,Unknown,69.94520795
54,Unknown,Unknown,Unknown,OK,Springer,62,Long Haul,Unknown,Unknown,Unknown,Unknown,52000,TRUE,FALSE,Unknown,Unknown,PACCAR,2013,MX-13,Unknown,FALSE,Diesel,Unknown,Unknown,79.34158097
55,Unknown,Unknown,Unknown,OK,Arapaho,62,Long Haul,Unknown,Unknown,Unknown,Unknown,52000,TRUE,FALSE,Unknown,Unknown,PACCAR,2013,MX-13,Unknown,FALSE,Diesel,Unknown,Unknown,272.248865
56,Unknown,Unknown,Unknown,OK,Enid,62,Long Haul,Unknown,Unknown,Unknown,Unknown,52000,TRUE,FALSE,Unknown,Unknown,PACCAR,2013,MX-13,Unknown,FALSE,Diesel,Unknown,Unknown,176.8799761
57,Unknown,Unknown,Unknown,KS,Quinter,62,Long Haul,Unknown,Unknown,Unknown,Unknown,52000,TRUE,FALSE,Unknown,Unknown,PACCAR,2013,MX-13,Unknown,FALSE,Diesel,Unknown,Unknown,217.9924348
58,Unknown,Unknown,Unknown,CA,Boron,62,Long Haul,Unknown,Unknown,Unknown,Unknown,50000,TRUE,FALSE,Unknown,Unknown,PACCAR,2013,MX-13,Unknown,FALSE,Diesel,Unknown,Unknown,127.6183168
59,Unknown,Unknown,Unknown,CA,Fontana,62,Long Haul,Unknown,Unknown,Unknown,Unknown,50000,TRUE,FALSE,Unknown,Unknown,PACCAR,2013,MX-13,Unknown,FALSE,Diesel,Unknown,Unknown,147.4636937
60,Unknown,Unknown,Unknown,PA,Chambersburg,62,Long Haul,Unknown,Unknown,Unknown,Unknown,50000,TRUE,FALSE,Unknown,Unknown,PACCAR,2013,MX-13,Unknown,FALSE,Diesel,Unknown,Unknown,229.8552288
61,Unknown,Unknown,Unknown,PA,Greencastle,62,Long Haul,Unknown,Unknown,Unknown,Unknown,50000,TRUE,FALSE,Unknown,Unknown,PACCAR,2013,MX-13,Unknown,FALSE,Diesel,Unknown,Unknown,252.9373435
62,Unknown,Unknown,Unknown,ID,Caldwell,62,Long Haul,Unknown,Unknown,Unknown,Unknown,50350,TRUE,FALSE,Unknown,Unknown,PACCAR,2013,MX-13,Unknown,FALSE,Diesel,Unknown,Unknown,250.4430925
63,Unknown,Unknown,Unknown,CO,Erie,62,Long Haul,Unknown,Unknown,Unknown,Unknown,50350,TRUE,FALSE,Unknown,Unknown,PACCAR,2013,MX-13,Unknown,FALSE,Diesel,Unknown,Unknown,160.5155779
64,Unknown,Unknown,Unknown,ID,Caldwell,62,Long Haul,Unknown,Unknown,Unknown,Unknown,50350,TRUE,FALSE,Unknown,Unknown,PACCAR,2013,MX-13,Unknown,FALSE,Diesel,Unknown,Unknown,271.6136737
65,Unknown,Unknown,Unknown,ID,Caldwell,62,Long Haul,Unknown,Unknown,Unknown,Unknown,50350,TRUE,FALSE,Unknown,Unknown,PACCAR,2013,MX-13,Unknown,FALSE,Diesel,Unknown,Unknown,258.4423887
66,Unknown,Unknown,Unknown,TX,Dallas,62,Long Haul,Unknown,Unknown,Unknown,Unknown,48000,TRUE,FALSE,Unknown,Unknown,PACCAR,2013,MX-13,Unknown,FALSE,Diesel,Unknown,Unknown,217.8710376
67,Unknown,Unknown,Unknown,CA,Fontana,62,Long Haul,Unknown,Unknown,Unknown,Unknown,48000,TRUE,FALSE,Unknown,Unknown,PACCAR,2013,MX-13,Unknown,FALSE,Diesel,Unknown,Unknown,125.9829769
68,Unknown,Unknown,Unknown,NJ,Edison,62,Long Haul,Unknown,Unknown,Unknown,Unknown,53200,TRUE,FALSE,Unknown,Unknown,PACCAR,2013,MX-13,Unknown,FALSE,Diesel,Unknown,Unknown,216.9702379
69,Unknown,Unknown,Unknown,KS,Olathe,62,Long Haul,Unknown,Unknown,Unknown,Unknown,53200,TRUE,FALSE,Unknown,Unknown,PACCAR,2013,MX-13,Unknown,FALSE,Diesel,Unknown,Unknown,198.5106579
70,Unknown,Unknown,Unknown,KS,Olathe,62,Long Haul,Unknown,Unknown,Unknown,Unknown,53200,TRUE,FALSE,Unknown,Unknown,PACCAR,2013,MX-13,Unknown,FALSE,Diesel,Unknown,Unknown,242.8470516
71,Unknown,Unknown,Unknown,TX,Rockwall,62,Long Haul,Unknown,Unknown,Unknown,Unknown,53200,TRUE,FALSE,Unknown,Unknown,PACCAR,2013,MX-13,Unknown,FALSE,Diesel,Unknown,Unknown,146.8355234
72,Unknown,Unknown,Unknown,NE,Fremont,62,Long Haul,Unknown,Unknown,Unknown,Unknown,53200,TRUE,FALSE,Unknown,Unknown,PACCAR,2013,MX-13,Unknown,FALSE,Diesel,Unknown,Unknown,212.9268228
73,Unknown,Unknown,Unknown,IL,Mokena,62,Long Haul,Unknown,Unknown,Unknown,Unknown,53200,TRUE,FALSE,Unknown,Unknown,PACCAR,2013,MX-13,Unknown,FALSE,Diesel,Unknown,Unknown,194.5902976
74,Unknown,Unknown,Unknown,IL,Blackstone,62,Long Haul,Unknown,Unknown,Unknown,Unknown,50000,TRUE,FALSE,Unknown,Unknown,PACCAR,2013,MX-13,Unknown,FALSE,Diesel,Unknown,Unknown,140.4834295
75,Unknown,Unknown,Unknown,GA,Dalton,62,Long Haul,Unknown,Unknown,Unknown,Unknown,50000,TRUE,FALSE,Unknown,Unknown,PACCAR,2013,MX-13,Unknown,FALSE,Diesel,Unknown,Unknown,327.84266
76,Unknown,Unknown,Unknown,GA,Ringgold,62,Long Haul,Unknown,Unknown,Unknown,Unknown,50000,TRUE,FALSE,Unknown,Unknown,PACCAR,2013,MX-13,Unknown,FALSE,Diesel,Unknown,Unknown,335.4913845
77,Unknown,Unknown,Unknown,FL,Atlantic Beach,62,Long Haul,Unknown,Unknown,Unknown,Unknown,52350,TRUE,FALSE,Unknown,Unknown,PACCAR,2013,MX-13,Unknown,FALSE,Diesel,Unknown,Unknown,203.6395124
78,Unknown,Unknown,Unknown,FL,Hialeah,62,Long Haul,Unknown,Unknown,Unknown,Unknown,52350,TRUE,FALSE,Unknown,Unknown,PACCAR,2013,MX-13,Unknown,FALSE,Diesel,Unknown,Unknown,242.6080216
79,Unknown,Unknown,Unknown,WA,Vancouver,62,Long Haul,Unknown,Unknown,Unknown,Unknown,51200,TRUE,FALSE,Unknown,Unknown,PACCAR,2013,MX-13,Unknown,FALSE,Diesel,Unknown,Unknown,205.9012777
80,Unknown,Unknown,Unknown,OR,Redmond,62,Long Haul,Unknown,Unknown,Unknown,Unknown,51200,TRUE,FALSE,Unknown,Unknown,PACCAR,2013,MX-13,Unknown,FALSE,Diesel,Unknown,Unknown,210.4025432
81,Unknown,Unknown,Unknown,WA,Carson,62,Long Haul,Unknown,Unknown,Unknown,Unknown,51200,TRUE,FALSE,Unknown,Unknown,PACCAR,2013,MX-13,Unknown,FALSE,Diesel,Unknown,Unknown,215.6964619
82,Unknown,Unknown,Unknown,PA,West Middlesex,62,Long Haul,Unknown,Unknown,Unknown,Unknown,53200,TRUE,FALSE,Unknown,Unknown,PACCAR,2013,MX-13,Unknown,FALSE,Diesel,Unknown,Unknown,214.3003505
83,Unknown,Unknown,Unknown,AR,Little Rock,62,Long Haul,Unknown,Unknown,Unknown,Unknown,53200,TRUE,FALSE,Unknown,Unknown,PACCAR,2013,MX-13,Unknown,FALSE,Diesel,Unknown,Unknown,300.5234911
84,Unknown,Unknown,Unknown,PA,West Middlesex,62,Long Haul,Unknown,Unknown,Unknown,Unknown,53200,TRUE,FALSE,Unknown,Unknown,PACCAR,2013,MX-13,Unknown,FALSE,Diesel,Unknown,Unknown,198.5754416
85,Unknown,Unknown,Unknown,OH,Hubbard,62,Long Haul,Unknown,Unknown,Unknown,Unknown,53200,TRUE,FALSE,Unknown,Unknown,PACCAR,2013,MX-13,Unknown,FALSE,Diesel,Unknown,Unknown,167.9861807
86,Unknown,Unknown,Unknown,PA,West Middlesex,62,Long Haul,Unknown,Unknown,Unknown,Unknown,53200,TRUE,FALSE,Unknown,Unknown,PACCAR,2013,MX-13,Unknown,FALSE,Diesel,Unknown,Unknown,200.0823554
87,Unknown,Unknown,Unknown,PA,West Middlesex,62,Long Haul,Unknown,Unknown,Unknown,Unknown,53200,TRUE,FALSE,Unknown,Unknown,PACCAR,2013,MX-13,Unknown,FALSE,Diesel,Unknown,Unknown,249.0961121
88,Unknown,Unknown,Unknown,PA,West Middlesex,62,Long Haul,Unknown,Unknown,Unknown,Unknown,53200,TRUE,FALSE,Unknown,Unknown,PACCAR,2013,MX-13,Unknown,FALSE,Diesel,Unknown,Unknown,250.2336987
89,Unknown,Unknown,Unknown,NC,Siloam,62,Long Haul,Unknown,Unknown,Unknown,Unknown,53200,TRUE,FALSE,Unknown,Unknown,PACCAR,2013,MX-13,Unknown,FALSE,Diesel,Unknown,Unknown,517.8282114
90,Unknown,Unknown,Unknown,NC,Siloam,62,Long Haul,Unknown,Unknown,Unknown,Unknown,53200,TRUE,FALSE,Unknown,Unknown,PACCAR,2013,MX-13,Unknown,FALSE,Diesel,Unknown,Unknown,479.6218689
91,Unknown,Unknown,Unknown,AR,Russellville,62,Long Haul,Unknown,Unknown,Unknown,Unknown,47200,TRUE,FALSE,Unknown,Unknown,PACCAR,2013,MX-13,Unknown,FALSE,Diesel,Unknown,Unknown,259.7190446
92,Unknown,Unknown,Unknown,TX,Brownfield,62,Long Haul,Unknown,Unknown,Unknown,Unknown,47200,TRUE,FALSE,Unknown,Unknown,PACCAR,2013,MX-13,Unknown,FALSE,Diesel,Unknown,Unknown,458.3478189
93,Unknown,Unknown,Unknown,FL,Port Richey,62,Long Haul,Unknown,Unknown,Unknown,Unknown,47200,TRUE,FALSE,Unknown,Unknown,PACCAR,2013,MX-13,Unknown,FALSE,Diesel,Unknown,Unknown,475.8011899
94,Unknown,Unknown,Unknown,TX,San Juan,62,Long Haul,Unknown,Unknown,Unknown,Unknown,53200,TRUE,FALSE,Unknown,Unknown,PACCAR,2013,MX-13,Unknown,FALSE,Diesel,Unknown,Unknown,308.2656342
95,Unknown,Unknown,Unknown,TX,San Juan,62,Long Haul,Unknown,Unknown,Unknown,Unknown,53200,TRUE,FALSE,Unknown,Unknown,PACCAR,2013,MX-13,Unknown,FALSE,Diesel,Unknown,Unknown,282.174896
96,Unknown,Unknown,Unknown,TX,San Juan,62,Long Haul,Unknown,Unknown,Unknown,Unknown,53200,TRUE,FALSE,Unknown,Unknown,PACCAR,2013,MX-13,Unknown,FALSE,Diesel,Unknown,Unknown,283.8755956
97,Unknown,Unknown,Unknown,TX,San Juan,62,Long Haul,Unknown,Unknown,Unknown,Unknown,53200,TRUE,FALSE,Unknown,Unknown,PACCAR,2013,MX-13,Unknown,FALSE,Diesel,Unknown,Unknown,294.939012
98,Unknown,Unknown,Unknown,TX,San Juan,62,Long Haul,Unknown,Unknown,Unknown,Unknown,53200,TRUE,FALSE,Unknown,Unknown,PACCAR,2013,MX-13,Unknown,FALSE,Diesel,Unknown,Unknown,291.6959136
99,Unknown,Unknown,Unknown,TX,San Juan,62,Long Haul,Unknown,Unknown,Unknown,Unknown,53200,TRUE,FALSE,Unknown,Unknown,PACCAR,2013,MX-13,Unknown,FALSE,Diesel,Unknown,Unknown,223.4209664
100,Unknown,Unknown,Unknown,TX,San Juan,62,Long Haul,Unknown,Unknown,Unknown,Unknown,53200,TRUE,FALSE,Unknown,Unknown,PACCAR,2013,MX-13,Unknown,FALSE,Diesel,Unknown,Unknown,279.0734295
101,Unknown,Unknown,Unknown,TX,San Juan,62,Long Haul,Unknown,Unknown,Unknown,Unknown,53200,TRUE,FALSE,Unknown,Unknown,PACCAR,2013,MX-13,Unknown,FALSE,Diesel,Unknown,Unknown,246.7902994
102,Unknown,Unknown,Unknown,OH,Elyria,62,Long Haul,Unknown,Unknown,Unknown,Unknown,52000,TRUE,FALSE,Unknown,Unknown,PACCAR,2013,MX-13,Unknown,FALSE,Diesel,Unknown,Unknown,283.7177793
103,Unknown,Unknown,Unknown,TN,Maynardville,62,Long Haul,Unknown,Unknown,Unknown,Unknown,52000,TRUE,FALSE,Unknown,Unknown,PACCAR,2013,MX-13,Unknown,FALSE,Diesel,Unknown,Unknown,491.5489664
104,Unknown,Unknown,Unknown,MO,Phillipsburg,62,Long Haul,Unknown,Unknown,Unknown,Unknown,52000,TRUE,FALSE,Unknown,Unknown,PACCAR,2013,MX-13,Unknown,FALSE,Diesel,Unknown,Unknown,388.9623377
105,Unknown,Unknown,Unknown,WA,Sunnyside,62,Long Haul,Unknown,Unknown,Unknown,Unknown,53200,TRUE,FALSE,Unknown,Unknown,PACCAR,2013,MX-13,Unknown,FALSE,Diesel,Unknown,Unknown,225.5407269
106,Unknown,Unknown,Unknown,CA,Lodi,62,Long Haul,Unknown,Unknown,Unknown,Unknown,53200,TRUE,FALSE,Unknown,Unknown,PACCAR,2013,MX-13,Unknown,FALSE,Diesel,Unknown,Unknown,222.9743233
107,Unknown,Unknown,Unknown,CA,Corning,62,Long Haul,Unknown,Unknown,Unknown,Unknown,53200,TRUE,FALSE,Unknown,Unknown,PACCAR,2013,MX-13,Unknown,FALSE,Diesel,Unknown,Unknown,226.8412288
108,Unknown,Unknown,Unknown,WA,Sunnyside,62,Long Haul,Unknown,Unknown,Unknown,Unknown,53200,TRUE,FALSE,Unknown,Unknown,PACCAR,2013,MX-13,Unknown,FALSE,Diesel,Unknown,Unknown,346.2058744
109,Unknown,Unknown,Unknown,NV,Las Vegas,62,Long Haul,Unknown,Unknown,Unknown,Unknown,50000,TRUE,FALSE,Unknown,Unknown,PACCAR,2013,MX-13,Unknown,FALSE,Diesel,Unknown,Unknown,217.4351975
110,Unknown,Unknown,Unknown,CA,Cottonwood,62,Long Haul,Unknown,Unknown,Unknown,Unknown,50000,TRUE,FALSE,Unknown,Unknown,PACCAR,2013,MX-13,Unknown,FALSE,Diesel,Unknown,Unknown,270.9712048
111,Unknown,Unknown,Unknown,NC,Bessemer City,62,Long Haul,Unknown,Unknown,Unknown,Unknown,50000,TRUE,FALSE,Unknown,Unknown,PACCAR,2013,MX-13,Unknown,FALSE,Diesel,Unknown,Unknown,315.9169783
112,Unknown,Unknown,Unknown,AZ,Kingman,62,Long Haul,Unknown,Unknown,Unknown,Unknown,50000,TRUE,FALSE,Unknown,Unknown,PACCAR,2013,MX-13,Unknown,FALSE,Diesel,Unknown,Unknown,211.6820355
113,Unknown,Unknown,Unknown,OR,Roseburg,62,Long Haul,Unknown,Unknown,Unknown,Unknown,50000,TRUE,FALSE,Unknown,Unknown,PACCAR,2013,MX-13,Unknown,FALSE,Diesel,Unknown,Unknown,203.410023
114,Unknown,Unknown,Unknown,OR,Redmond,62,Long Haul,Unknown,Unknown,Unknown,Unknown,50000,TRUE,FALSE,Unknown,Unknown,PACCAR,2013,MX-13,Unknown,FALSE,Diesel,Unknown,Unknown,226.0722738
115,Unknown,Unknown,Unknown,OR,Redmond,62,Long Haul,Unknown,Unknown,Unknown,Unknown,50000,TRUE,FALSE,Unknown,Unknown,PACCAR,2013,MX-13,Unknown,FALSE,Diesel,Unknown,Unknown,221.1353337
116,Unknown,Unknown,Unknown,AZ,Glendale,62,Long Haul,Unknown,Unknown,Unknown,Unknown,50000,TRUE,FALSE,Unknown,Unknown,PACCAR,2013,MX-13,Unknown,FALSE,Diesel,Unknown,Unknown,208.7104372
117,Unknown,Unknown,Unknown,CA,Dutch Flat,62,Long Haul,Unknown,Unknown,Unknown,Unknown,50000,TRUE,FALSE,Unknown,Unknown,PACCAR,2013,MX-13,Unknown,FALSE,Diesel,Unknown,Unknown,220.7907843
118,Unknown,Unknown,Unknown,CA,Gerber,62,Long Haul,Unknown,Unknown,Unknown,Unknown,50000,TRUE,FALSE,Unknown,Unknown,PACCAR,2013,MX-13,Unknown,FALSE,Diesel,Unknown,Unknown,183.7372023
119,Unknown,Unknown,Unknown,OR,Myrtle Creek,62,Long Haul,Unknown,Unknown,Unknown,Unknown,50000,TRUE,FALSE,Unknown,Unknown,PACCAR,2013,MX-13,Unknown,FALSE,Diesel,Unknown,Unknown,237.1076596
120,Unknown,Unknown,Unknown,NV,Las Vegas,62,Long Haul,Unknown,Unknown,Unknown,Unknown,50000,TRUE,FALSE,Unknown,Unknown,PACCAR,2013,MX-13,Unknown,FALSE,Diesel,Unknown,Unknown,235.7240437
121,Unknown,Unknown,Unknown,CA,Pico Rivera,62,Long Haul,Unknown,Unknown,Unknown,Unknown,50000,TRUE,FALSE,Unknown,Unknown,PACCAR,2013,MX-13,Unknown,FALSE,Diesel,Unknown,Unknown,217.2877426
122,Unknown,Unknown,Unknown,CA,Santa Clarita,62,Long Haul,Unknown,Unknown,Unknown,Unknown,50000,TRUE,FALSE,Unknown,Unknown,PACCAR,2013,MX-13,Unknown,FALSE,Diesel,Unknown,Unknown,254.0417161
123,Unknown,Unknown,Unknown,AZ,Tolleson,62,Long Haul,Unknown,Unknown,Unknown,Unknown,50000,TRUE,FALSE,Unknown,Unknown,PACCAR,2013,MX-13,Unknown,FALSE,Diesel,Unknown,Unknown,219.9851806
124,Unknown,Unknown,Unknown,WA,Moses Lake,62,Long Haul,Unknown,Unknown,Unknown,Unknown,48000,TRUE,FALSE,Unknown,Unknown,PACCAR,2013,MX-13,Unknown,FALSE,Diesel,Unknown,Unknown,229.6087454
125,Unknown,Unknown,Unknown,WA,Lynden,62,Long Haul,Unknown,Unknown,Unknown,Unknown,48000,TRUE,FALSE,Unknown,Unknown,PACCAR,2013,MX-13,Unknown,FALSE,Diesel,Unknown,Unknown,245.3052455
126,Unknown,Unknown,Unknown,OR,Redmond,62,Long Haul,Unknown,Unknown,Unknown,Unknown,64220,TRUE,FALSE,Unknown,Unknown,PACCAR,2013,MX-13,Unknown,FALSE,Diesel,Unknown,Unknown,175.8801255
127,Unknown,Unknown,Unknown,OR,Deer Island,62,Long Haul,Unknown,Unknown,Unknown,Unknown,64220,TRUE,FALSE,Unknown,Unknown,PACCAR,2013,MX-13,Unknown,FALSE,Diesel,Unknown,Unknown,172.4507645
128,Unknown,Unknown,Unknown,MT,Ronan,62,Long Haul,Unknown,Unknown,Unknown,Unknown,64220,TRUE,FALSE,Unknown,Unknown,PACCAR,2013,MX-13,Unknown,FALSE,Diesel,Unknown,Unknown,215.2799316
129,Unknown,Unknown,Unknown,WA,Sedro-Woolley,62,Long Haul,Unknown,Unknown,Unknown,Unknown,64220,TRUE,FALSE,Unknown,Unknown,PACCAR,2013,MX-13,Unknown,FALSE,Diesel,Unknown,Unknown,155.6616526
130,Unknown,Unknown,Unknown,GA,Augusta,62,Long Haul,Unknown,Unknown,Unknown,Unknown,48000,TRUE,FALSE,Unknown,Unknown,PACCAR,2013,MX-13,Unknown,FALSE,Diesel,Unknown,Unknown,212.5097358
131,Unknown,Unknown,Unknown,IL,Greenup,62,Long Haul,Unknown,Unknown,Unknown,Unknown,48000,TRUE,FALSE,Unknown,Unknown,PACCAR,2013,MX-13,Unknown,FALSE,Diesel,Unknown,Unknown,258.3965749
132,CA,Fresno,Unknown,CA,Fresno,61,Beverage Delivery,Unknown,Unknown,Kenworth,Unknown,34000 to 36000 lbs,TRUE,FALSE,Unknown,Unknown,Unknown,Unknown,Unknown,Unknown,FALSE,Diesel,Unknown,Unknown,106.0569284
133,CA,Fresno,Unknown,CA,Fresno,61,Beverage Delivery,Unknown,Unknown,Kenworth,Unknown,34000 to 36000 lbs,TRUE,FALSE,Unknown,Unknown,Unknown,Unknown,Unknown,Unknown,FALSE,Diesel,Unknown,Unknown,104.9779358
134,CA,Los Angeles,Unknown,CA,Buena Park,61,Beverage Delivery,Unknown,4400 4X2      ,International,2011,Unknown,TRUE,FALSE,Unknown,Unknown,MAXXFORCE,2010,Unknown,Unknown,FALSE,Diesel,Unknown,1,33.91129035
135,CA,San Francisco,Unknown,CA,Hayward,61,Beverage Delivery,Unknown,4400 4X2      ,International,2010,Unknown,TRUE,FALSE,Unknown,Unknown,MAXXFORCE,2007,Unknown,Unknown,FALSE,Diesel,Unknown,2,149.2531073
136,CA,San Francisco,Unknown,CA,Hayward,61,Beverage Delivery,Unknown,4400 4X2      ,International,2010,Unknown,TRUE,FALSE,Unknown,Unknown,MAXXFORCE,2007,Unknown,Unknown,FALSE,Diesel,Unknown,2,157.490278
137,CA,San Francisco,Unknown,CA,Foster City,61,Beverage Delivery,Unknown,4400 4X2      ,International,2010,Unknown,TRUE,FALSE,Unknown,Unknown,MAXXFORCE,2007,Unknown,Unknown,FALSE,Diesel,Unknown,2,65.84430623
138,CA,San Francisco,Unknown,CA,Hayward,61,Beverage Delivery,Unknown,4400 4X2      ,International,2010,Unknown,TRUE,FALSE,Unknown,Unknown,MAXXFORCE,2007,Unknown,Unknown,FALSE,Diesel,Unknown,2,57.79876769
139,CA,San Francisco,Unknown,CA,SF,61,Food Delivery,Unknown,T660 Day Cab,Kenworth,Unknown,Unknown,TRUE,FALSE,Unknown,Unknown,ISX-15 455V,2013,Unknown,Unknown,FALSE,Diesel,Unknown,Unknown,260.039309
140,CA,San Francisco,Unknown,CA,SF,61,Food Delivery,Unknown,T660 Day Cab,Kenworth,Unknown,Unknown,TRUE,FALSE,Unknown,Unknown,ISX-15 455V,2013,Unknown,Unknown,FALSE,Diesel,Unknown,Unknown,245.9579253
141,TN,Knoxville,Unknown,TN,Lenoir City,61,Local Delivery,Unknown,8600,International,Unknown,30000 to 32000 lbs,TRUE,FALSE,Unknown,Unknown,Unknown,Unknown,CAT C11 Acert 11.1 L,Unknown,FALSE,Diesel,Unknown,Unknown,68.99201865
142,TN,Knoxville,Unknown,TN,Lenoir City,61,Local Delivery,Unknown,8601,International,Unknown,30000 to 32000 lbs,TRUE,FALSE,Unknown,Unknown,CUMMINS,Unknown,ISM-370 10.8 L,Unknown,FALSE,Diesel,Unknown,Unknown,58.61646516
143,TN,Knoxville,Unknown,TN,Lenoir City,61,Local Delivery,Unknown,8600,International,Unknown,30000 to 32000 lbs,TRUE,FALSE,Unknown,Unknown,Unknown,Unknown,Cummins ISM-370 10.8 L,Unknown,FALSE,Diesel,Unknown,Unknown,82.80021918
144,MI,Detroit,Unknown,MI,Romulus,61,Regional Haul,1HSHWAHN1,Unknown,Unknown,Unknown,Unknown,TRUE,FALSE,Unknown,Unknown,Unknown,Unknown,Unknown,Unknown,FALSE,Diesel,Unknown,Unknown,33.91446796
145,MI,Detroit,Unknown,MI,Romulus,61,Regional Haul,1HSHWAHN0,Unknown,Unknown,Unknown,Unknown,TRUE,FALSE,Unknown,Unknown,Unknown,Unknown,Unknown,Unknown,FALSE,Diesel,Unknown,Unknown,89.22767691
146,MI,Detroit,Unknown,MI,Romulus,61,Regional Haul,1HSHWAHN2,Unknown,Unknown,Unknown,Unknown,TRUE,FALSE,Unknown,Unknown,Unknown,Unknown,Unknown,Unknown,FALSE,Diesel,Unknown,Unknown,79.90705917
147,MI,Detroit,Unknown,MI,Romulus,61,Regional Haul,1HSHWAHN8,Unknown,Unknown,Unknown,Unknown,TRUE,FALSE,Unknown,Unknown,Unknown,Unknown,Unknown,Unknown,FALSE,Diesel,Unknown,Unknown,84.86698373
148,MI,Detroit,Unknown,MI,Romulus,61,Regional Haul,1HSHWAHNX,Unknown,Unknown,Unknown,Unknown,TRUE,FALSE,Unknown,Unknown,Unknown,Unknown,Unknown,Unknown,FALSE,Diesel,Unknown,Unknown,83.47584938
149,MI,Detroit,Unknown,MI,Dearborn,61,Regional Haul,1HSHWAHN1,Unknown,Unknown,Unknown,Unknown,TRUE,FALSE,Unknown,Unknown,Unknown,Unknown,Unknown,Unknown,FALSE,Diesel,Unknown,Unknown,45.77415043
150,CO,Denver,Unknown,CO,Commerce City,61,Food Delivery,J474836,Unknown,Navistar,Unknown,Unknown,TRUE,FALSE,Unknown,Unknown,Unknown,Unknown,Unknown,Unknown,FALSE,Diesel,Unknown,Unknown,36.8958691
151,CO,Denver,Unknown,CO,Commerce City,61,Food Delivery,BN298625,Unknown,Volvo,Unknown,Unknown,TRUE,FALSE,Unknown,Unknown,Unknown,Unknown,Unknown,Unknown,FALSE,Diesel,Unknown,Unknown,68.0992826
152,CO,Denver,Unknown,CO,Commerce City,61,Food Delivery,BN298640,Unknown,Volvo,Unknown,Unknown,TRUE,FALSE,Unknown,Unknown,Unknown,Unknown,Unknown,Unknown,FALSE,Diesel,Unknown,Unknown,58.7478704
153,CO,Denver,Unknown,CO,Commerce City,61,Food Delivery,AJ284710,Unknown,Volvo,Unknown,Unknown,TRUE,FALSE,Unknown,Unknown,Unknown,Unknown,Unknown,Unknown,FALSE,Diesel,Unknown,Unknown,67.02671727
154,CO,Denver,Unknown,CO,Commerce City,61,Food Delivery,CN553951,Unknown,Navistar,Unknown,Unknown,TRUE,FALSE,Unknown,Unknown,Unknown,Unknown,Unknown,Unknown,FALSE,Diesel,Unknown,Unknown,98.32281062
155,CO,Denver,Unknown,CO,Commerce City,61,Food Delivery,BN298696,Unknown,Volvo,Unknown,Unknown,TRUE,FALSE,Unknown,Unknown,Unknown,Unknown,Unknown,Unknown,FALSE,Diesel,Unknown,Unknown,169.9426426
156,CO,Denver,Unknown,CO,Commerce City,61,Food Delivery,CN554145,Unknown,Volvo,Unknown,Unknown,TRUE,FALSE,Unknown,Unknown,Unknown,Unknown,Unknown,Unknown,FALSE,Diesel,Unknown,Unknown,109.5495725
157,CO,Denver,Unknown,CO,Commerce City,61,Food Delivery,BN298674,Unknown,Volvo,Unknown,Unknown,TRUE,FALSE,Unknown,Unknown,Unknown,Unknown,Unknown,Unknown,FALSE,Diesel,Unknown,Unknown,130.1358885
158,CO,Denver,Unknown,CO,Commerce City,61,Food Delivery,BN298697,Unknown,Volvo,Unknown,Unknown,TRUE,FALSE,Unknown,Unknown,Unknown,Unknown,Unknown,Unknown,FALSE,Diesel,Unknown,Unknown,140.3536002
159,CO,Denver,Unknown,CO,Commerce City,61,Food Delivery,CN553959,Unknown,Volvo,Unknown,Unknown,TRUE,FALSE,Unknown,Unknown,Unknown,Unknown,Unknown,Unknown,FALSE,Diesel,Unknown,Unknown,260.7204491
160,CO,Denver,Unknown,CO,Commerce City,61,Food Delivery,CN553960,Unknown,Volvo,Unknown,Unknown,TRUE,FALSE,Unknown,Unknown,Unknown,Unknown,Unknown,Unknown,FALSE,Diesel,Unknown,Unknown,262.5289453
161,CA,Rancho Dominguez,Unknown,CA,Long Beach,61,Drayage,1M1AW09Y8,CXU613,Mack,2012,52000,TRUE,FALSE,Unknown,Unknown,Mack,Unknown,MP8-415C,Unknown,FALSE,Diesel,Unknown,2,145.2210816
162,CA,Rancho Dominguez,Unknown,CA,Long Beach,61,Drayage,1M1AW09Y3,CXU613,Mack,2012,52000,TRUE,FALSE,Unknown,Unknown,Mack,Unknown,MP8-415C,Unknown,FALSE,Diesel,Unknown,2,126.1653263
163,TX,Houston,Unknown,TX,Houston,61,Parcel Delivery,Unknown,Unknown,Unknown,Unknown,Unknown,TRUE,FALSE,Unknown,Unknown,Unknown,Unknown,Unknown,Unknown,FALSE,Renewable Diesel,Unknown,Unknown,161.5428817
164,TX,Houston,Unknown,TX,Houston,61,Parcel Delivery,Unknown,Unknown,Unknown,Unknown,Unknown,TRUE,FALSE,Unknown,Unknown,Unknown,Unknown,Unknown,Unknown,FALSE,Renewable Diesel,Unknown,Unknown,768.2680716
165,TX,Houston,Unknown,TX,Houston,61,Parcel Delivery,Unknown,Unknown,Unknown,Unknown,Unknown,TRUE,FALSE,Unknown,Unknown,Unknown,Unknown,Unknown,Unknown,FALSE,Renewable Diesel,Unknown,Unknown,681.9252577
166,TX,Houston,Unknown,TX,Houston,61,Parcel Delivery,Unknown,Unknown,Unknown,Unknown,Unknown,TRUE,FALSE,Unknown,Unknown,Unknown,Unknown,Unknown,Unknown,FALSE,Renewable Diesel,Unknown,Unknown,192.4272933
167,TX,Houston,Unknown,TX,Houston,61,Parcel Delivery,Unknown,Unknown,Unknown,Unknown,Unknown,TRUE,FALSE,Unknown,Unknown,Unknown,Unknown,Unknown,Unknown,FALSE,Renewable Diesel,Unknown,Unknown,326.007871
168,TX,Houston,Unknown,TX,Houston,61,Parcel Delivery,Unknown,Unknown,Unknown,Unknown,Unknown,TRUE,FALSE,Unknown,Unknown,Unknown,Unknown,Unknown,Unknown,FALSE,Renewable Diesel,Unknown,Unknown,461.855708
169,Unknown,Unknown,Unknown,MD,Clarksburg,61,Dump Truck,Unknown,Unknown,Unknown,Unknown,79500,TRUE,FALSE,Unknown,Unknown,PACCAR,2013,MX-13,Unknown,FALSE,Diesel,Unknown,Unknown,110.9778207
170,Unknown,Unknown,Unknown,MD,Clarksburg,61,Dump Truck,Unknown,Unknown,Unknown,Unknown,79500,TRUE,FALSE,Unknown,Unknown,PACCAR,2013,MX-13,Unknown,FALSE,Diesel,Unknown,Unknown,96.14896366
171,Unknown,Unknown,Unknown,MD,Clarksburg,61,Dump Truck,Unknown,Unknown,Unknown,Unknown,79500,TRUE,FALSE,Unknown,Unknown,PACCAR,2013,MX-13,Unknown,FALSE,Diesel,Unknown,Unknown,93.36028933
172,Unknown,Unknown,Unknown,MD,Largo,61,Dump Truck,Unknown,Unknown,Unknown,Unknown,79500,TRUE,FALSE,Unknown,Unknown,PACCAR,2013,MX-13,Unknown,FALSE,Diesel,Unknown,Unknown,84.86177113
173,Unknown,Unknown,Unknown,WI,Monroe,61,Local Delivery,Unknown,Unknown,Unknown,Unknown,80000,TRUE,FALSE,Unknown,Unknown,PACCAR,2013,MX-13,Unknown,FALSE,Diesel,Unknown,Unknown,70.48506274
174,Unknown,Unknown,Unknown,TX,Denton,61,Local Delivery,Unknown,Unknown,Unknown,Unknown,52000,TRUE,FALSE,Unknown,Unknown,PACCAR,2013,MX-13,Unknown,FALSE,Diesel,Unknown,Unknown,127.6665361
175,Unknown,Unknown,Unknown,CO,Colorado Springs,61,Local Delivery,Unknown,Unknown,Unknown,Unknown,52000,TRUE,FALSE,Unknown,Unknown,PACCAR,2013,MX-13,Unknown,FALSE,Diesel,Unknown,Unknown,89.40095186
176,Unknown,Unknown,Unknown,CO,Northglenn,61,Local Delivery,Unknown,Unknown,Unknown,Unknown,52000,TRUE,FALSE,Unknown,Unknown,PACCAR,2013,MX-13,Unknown,FALSE,Diesel,Unknown,Unknown,48.87223149
177,Unknown,Unknown,Unknown,FL,Spring Hill,61,Regional Haul,Unknown,Unknown,Unknown,Unknown,46000,TRUE,FALSE,Unknown,Unknown,PACCAR,2013,MX-13,Unknown,FALSE,Diesel,Unknown,Unknown,154.655742
178,Unknown,Unknown,Unknown,CA,La Mirada,61,tranfer truck,1NPVD09X6,Unknown,Peterbilt,2009,Unknown,TRUE,FALSE,Unknown,Unknown,Unknown,Unknown,ISM - 384,Unknown,FALSE,Diesel,Unknown,6,200.8430662
179,Unknown,Unknown,Unknown,CA,Stanton,61,tranfer truck,1NPVD09X1,Unknown,Peterbilt,2009,Unknown,TRUE,FALSE,Unknown,Unknown,Unknown,Unknown,ISM - 384,Unknown,FALSE,Diesel,Unknown,6,96.77142164
180,Unknown,Unknown,Unknown,CA,Stanton,61,tranfer truck,1XPBD79X6,Unknown,Peterbilt,2015,Unknown,TRUE,FALSE,Unknown,Unknown,Unknown,Unknown,ISX12 - 579,Unknown,FALSE,Diesel,Unknown,0,154.9952874
181,Unknown,Unknown,Unknown,CA,Stanton,61,tranfer truck,1XPBD79X7,Unknown,Peterbilt,2015,Unknown,TRUE,FALSE,Unknown,Unknown,Unknown,Unknown,ISX12 - 579,Unknown,FALSE,Diesel,Unknown,0,327.8847841
182,Unknown,Unknown,Unknown,CA,Stanton,61,tranfer truck,1XPBD79X3,Unknown,Peterbilt,2015,Unknown,TRUE,FALSE,Unknown,Unknown,Unknown,Unknown,ISX12 - 579,Unknown,FALSE,Diesel,Unknown,0,181.3918892
183,Unknown,Unknown,Unknown,CA,Stanton,61,tranfer truck,1NPVD09X8,Unknown,Peterbilt,2009,Unknown,TRUE,FALSE,Unknown,Unknown,Unknown,Unknown,ISM - 384,Unknown,FALSE,Diesel,Unknown,6,261.9265312
184,Unknown,Unknown,Unknown,CA,Stanton,61,tranfer truck,4V4NC9TJX,Unknown,Volvo,2010,Unknown,TRUE,FALSE,Unknown,Unknown,Unknown,Unknown,ISX - VNL,Unknown,FALSE,Diesel,Unknown,5,208.9344149
185,Unknown,Unknown,Unknown,CA,Stanton,61,tranfer truck,1XPBD79X1,Unknown,Peterbilt,2015,Unknown,TRUE,FALSE,Unknown,Unknown,Unknown,Unknown,ISX12 - 579,Unknown,FALSE,Diesel,Unknown,0,166.6002915
186,Unknown,Unknown,Unknown,CA,Stanton,61,tranfer truck,4V4NC9TJ5,Unknown,Volvo,2010,Unknown,TRUE,FALSE,Unknown,Unknown,Unknown,Unknown,ISX - VNL,Unknown,FALSE,Diesel,Unknown,5,91.70823408
187,Unknown,Unknown,Unknown,CA,Stanton,61,tranfer truck,1XPBD79X2,Unknown,Peterbilt,2015,Unknown,TRUE,FALSE,Unknown,Unknown,Unknown,Unknown,ISX12 - 579,Unknown,FALSE,Diesel,Unknown,0,171.9109661
188,Unknown,Unknown,Unknown,CA,Stanton,61,tranfer truck,1XPBD79X2,Unknown,Peterbilt,2015,Unknown,TRUE,FALSE,Unknown,Unknown,Unknown,Unknown,ISX12 - 579,Unknown,FALSE,Diesel,Unknown,0,222.7870003
189,Unknown,Unknown,Unknown,CA,Stanton,61,tranfer truck,4V4NC9TJX,Unknown,Volvo,2010,Unknown,TRUE,FALSE,Unknown,Unknown,Unknown,Unknown,ISX - VNL,Unknown,FALSE,Diesel,Unknown,5,174.1707673
190,Unknown,Unknown,Unknown,CA,Stanton,61,tranfer truck,1NPVD09X1,Unknown,Peterbilt,2009,Unknown,TRUE,FALSE,Unknown,Unknown,Unknown,Unknown,ISM - 384,Unknown,FALSE,Diesel,Unknown,6,202.4984278
191,Unknown,Unknown,Unknown,CA,Stanton,61,tranfer truck,1NPGD09X6,Unknown,Peterbilt,2004,Unknown,TRUE,FALSE,Unknown,Unknown,Unknown,Unknown,ISM - 385,Unknown,FALSE,Diesel,Unknown,11,258.3515587
192,Unknown,Unknown,Unknown,CA,Stanton,61,tranfer truck,1NPGD09X8,Unknown,Peterbilt,2004,Unknown,TRUE,FALSE,Unknown,Unknown,Unknown,Unknown,Unknown,Unknown,FALSE,Diesel,Unknown,11,302.6821469
193,Unknown,Unknown,Unknown,CA,Los Angeles,61,Drayage,1HSHXSHR9,8600 SBA 6X4,Navistar,2009,Unknown,TRUE,FALSE,Unknown,Unknown,International,Unknown,maxxforce 11,Unknown,FALSE,Diesel,Unknown,6,102.9235876
194,Unknown,Unknown,Unknown,CA,Los Angeles,61,Drayage,1HSHXSHR9,8600 SBA 6X4,Navistar,2010,Unknown,TRUE,FALSE,Unknown,Unknown,International,Unknown,maxxforce 11,Unknown,FALSE,Diesel,Unknown,5,128.3816466
195,Unknown,Unknown,Unknown,CA,Corona,61,Drayage,1HSHXSHR9,8600 SBA 6X4,Navistar,2010,Unknown,TRUE,FALSE,Unknown,Unknown,International,Unknown,maxxforce 11,Unknown,FALSE,Diesel,Unknown,5,123.2310373
196,Unknown,Unknown,Unknown,CA,Los Angeles,61,Drayage,1HSHXSHR4,8600 SBA 6X4,Navistar,2010,Unknown,TRUE,FALSE,Unknown,Unknown,International,Unknown,maxxforce 11,Unknown,FALSE,Diesel,Unknown,5,144.9042963
197,Unknown,Unknown,Unknown,CA,Los Angeles,61,Drayage,1XP-XD49X,389,Peterbilt,2014,Unknown,TRUE,FALSE,Unknown,Unknown,Peterbilt 379,Unknown,ISX15,Unknown,FALSE,Diesel,Unknown,1,65.54061683
198,Unknown,Unknown,Unknown,CA,Carson,61,Drayage,1XP-XD49X,389,Peterbilt,2014,Unknown,TRUE,FALSE,Unknown,Unknown,Peterbilt 379,Unknown,ISX15,Unknown,FALSE,Diesel,Unknown,1,81.90936162
199,Unknown,Unknown,Unknown,CA,Carson,61,Drayage,3HSDJAPR0,PROSTAR - 122 6X4,Navistar,2013,Unknown,TRUE,FALSE,Unknown,Unknown,International PROStar4,Unknown,ISX,Unknown,FALSE,Diesel,Unknown,2,79.13635775
200,Unknown,Unknown,Unknown,CA,Long Beach,61,Drayage,3HSDJAPR4,PROSTAR - 122 6X4,Navistar,2013,Unknown,TRUE,FALSE,Unknown,Unknown,International,Unknown,ISX,Unknown,FALSE,Diesel,Unknown,2,106.2724902
201,Unknown,Unknown,Unknown,CA,Carson,61,Drayage,3HSDJAPR0,PROSTAR - 122 6X4,Navistar,2013,Unknown,TRUE,FALSE,Unknown,Unknown,International PROStar4,Unknown,ISX,Unknown,FALSE,Diesel,Unknown,2,105.0361168
202,Unknown,Unknown,Unknown,CA,Los Angeles,61,Drayage,3HSCUSJR5,PROSTAR PREMIUM 6X4,Navistar,2011,Unknown,TRUE,FALSE,Unknown,Unknown,International,Unknown,MAXXFORCE 13,Unknown,FALSE,Diesel,Unknown,4,175.7968457
203,Unknown,Unknown,Unknown,CA,Los Angeles,61,Drayage,Unknown,Unknown,Unknown,Unknown,Unknown,TRUE,FALSE,Unknown,Unknown,International,Unknown,Unknown,Unknown,FALSE,Diesel,Unknown,Unknown,111.17059
204,Unknown,Unknown,Unknown,CA,Los Angeles,61,Drayage,Unknown,Unknown,Unknown,Unknown,Unknown,TRUE,FALSE,Unknown,Unknown,Unknown,Unknown,Unknown,Unknown,FALSE,Diesel,Unknown,Unknown,133.1686653
205,Unknown,Unknown,Unknown,CA,Los Angeles,61,Drayage,Unknown,Unknown,Unknown,Unknown,Unknown,TRUE,FALSE,Unknown,Unknown,Unknown,Unknown,Unknown,Unknown,FALSE,Diesel,Unknown,Unknown,111.5580173
206,Unknown,Unknown,Unknown,CA,Ontario,61,Drayage,Unknown,Unknown,Unknown,Unknown,Unknown,TRUE,FALSE,Unknown,Unknown,Unknown,Unknown,Unknown,Unknown,FALSE,Diesel,Unknown,Unknown,169.4173843
207,CA,Unknown,Unknown,CA,Los Angeles,61,tranfer truck,Unknown,Unknown,Unknown,Unknown,Unknown,TRUE,FALSE,Unknown,Unknown,Unknown,Unknown,Unknown,Unknown,FALSE,Diesel,Unknown,Unknown,114.3683755
208,CA,Unknown,Unknown,CA,Los Angeles,61,tranfer truck,Unknown,Unknown,Unknown,Unknown,Unknown,TRUE,FALSE,Unknown,Unknown,Unknown,Unknown,Unknown,Unknown,FALSE,Diesel,Unknown,Unknown,179.9346289
209,CA,Unknown,Unknown,CA,Los Angeles,61,tranfer truck,Unknown,Unknown,Unknown,Unknown,Unknown,TRUE,FALSE,Unknown,Unknown,Unknown,Unknown,Unknown,Unknown,FALSE,Diesel,Unknown,Unknown,206.4603177
210,CA,Unknown,Unknown,CA,Los Angeles,61,tranfer truck,Unknown,Unknown,Unknown,Unknown,Unknown,TRUE,FALSE,Unknown,Unknown,Unknown,Unknown,Unknown,Unknown,FALSE,Diesel,Unknown,Unknown,171.9209756
211,CA,Unknown,Unknown,CA,Los Angeles,61,tranfer truck,Unknown,Unknown,Unknown,Unknown,Unknown,TRUE,FALSE,Unknown,Unknown,Unknown,Unknown,Unknown,Unknown,FALSE,Diesel,Unknown,Unknown,101.5974168
212,CA,Unknown,Unknown,CA,Los Angeles,61,tranfer truck,Unknown,Unknown,Unknown,Unknown,Unknown,TRUE,FALSE,Unknown,Unknown,Unknown,Unknown,Unknown,Unknown,FALSE,Diesel,Unknown,Unknown,173.1240099
213,CA,Unknown,Unknown,CA,Los Angeles,61,tranfer truck,Unknown,Unknown,Unknown,Unknown,Unknown,TRUE,FALSE,Unknown,Unknown,Unknown,Unknown,Unknown,Unknown,FALSE,Diesel,Unknown,Unknown,212.1269306
214,CA,Unknown,Unknown,CA,Los Angeles,61,tranfer truck,Unknown,Unknown,Unknown,Unknown,Unknown,TRUE,FALSE,Unknown,Unknown,Unknown,Unknown,Unknown,Unknown,FALSE,Diesel,Unknown,Unknown,15.77028256
215,CA,Unknown,Unknown,CA,Los Angeles,61,tranfer truck,Unknown,Unknown,Unknown,Unknown,Unknown,TRUE,FALSE,Unknown,Unknown,Unknown,Unknown,Unknown,Unknown,FALSE,Diesel,Unknown,Unknown,90.51659899
216,CA,Unknown,Unknown,CA,Los Angeles,61,tranfer truck,Unknown,Unknown,Unknown,Unknown,Unknown,TRUE,FALSE,Unknown,Unknown,Unknown,Unknown,Unknown,Unknown,FALSE,Diesel,Unknown,Unknown,61.92790861
217,CA,Unknown,Unknown,CA,Los Angeles,61,tranfer truck,Unknown,Unknown,Unknown,Unknown,Unknown,TRUE,FALSE,Unknown,Unknown,Unknown,Unknown,Unknown,Unknown,FALSE,Diesel,Unknown,Unknown,129.3446735
218,CA,Unknown,Unknown,CA,Los Angeles,61,tranfer truck,Unknown,Unknown,Unknown,Unknown,Unknown,TRUE,FALSE,Unknown,Unknown,Unknown,Unknown,Unknown,Unknown,FALSE,Diesel,Unknown,Unknown,130.7702494
219,CA,Unknown,Unknown,CA,Los Angeles,61,tranfer truck,Unknown,Unknown,Unknown,Unknown,Unknown,TRUE,FALSE,Unknown,Unknown,Unknown,Unknown,Unknown,Unknown,FALSE,Diesel,Unknown,Unknown,183.0071173
220,CA,Unknown,Unknown,CA,Long Beach,61,Drayage,Unknown,Unknown,Unknown,Unknown,Unknown,TRUE,FALSE,Unknown,Unknown,Unknown,Unknown,Unknown,Unknown,FALSE,Diesel,Unknown,Unknown,46.98565055
221,CA,Unknown,Unknown,CA,Long Beach,61,Drayage,Unknown,Unknown,Unknown,Unknown,Unknown,TRUE,FALSE,Unknown,Unknown,Unknown,Unknown,Unknown,Unknown,FALSE,Diesel,Unknown,Unknown,115.5239088
222,CA,Unknown,Unknown,CA,Long Beach,61,Drayage,Unknown,Unknown,Unknown,Unknown,Unknown,TRUE,FALSE,Unknown,Unknown,Unknown,Unknown,Unknown,Unknown,FALSE,Diesel,Unknown,Unknown,84.30162311
223,CA,Unknown,Unknown,CA,Long Beach,61,Drayage,Unknown,Unknown,Unknown,Unknown,Unknown,TRUE,FALSE,Unknown,Unknown,Unknown,Unknown,Unknown,Unknown,FALSE,Diesel,Unknown,Unknown,87.00362654
224,CA,Unknown,Unknown,CA,Long Beach,61,Drayage,Unknown,Unknown,Unknown,Unknown,Unknown,TRUE,FALSE,Unknown,Unknown,Unknown,Unknown,Unknown,Unknown,FALSE,Diesel,Unknown,Unknown,66.21607808
225,CA,Unknown,Unknown,CA,Long Beach,61,Drayage,Unknown,Unknown,Unknown,Unknown,Unknown,TRUE,FALSE,Unknown,Unknown,Unknown,Unknown,Unknown,Unknown,FALSE,Diesel,Unknown,Unknown,126.7361646
226,CA,Unknown,Unknown,CA,Long Beach,61,Drayage,Unknown,Unknown,Unknown,Unknown,Unknown,TRUE,FALSE,Unknown,Unknown,Unknown,Unknown,Unknown,Unknown,FALSE,Diesel,Unknown,Unknown,46.81653646
227,CA,Unknown,Unknown,CA,Long Beach,61,Drayage,Unknown,Unknown,Unknown,Unknown,Unknown,TRUE,FALSE,Unknown,Unknown,Unknown,Unknown,Unknown,Unknown,FALSE,Diesel,Unknown,Unknown,136.335695
228,CA,Unknown,Unknown,CA,Long Beach,61,Drayage,Unknown,Unknown,Unknown,Unknown,Unknown,TRUE,FALSE,Unknown,Unknown,Unknown,Unknown,Unknown,Unknown,FALSE,Diesel,Unknown,Unknown,75.84990899
229,CA,Unknown,Unknown,CA,Los Angeles,61,Drayage,Unknown,Unknown,Unknown,Unknown,Unknown,TRUE,FALSE,Unknown,Unknown,Unknown,Unknown,Unknown,Unknown,FALSE,Diesel,Unknown,Unknown,13.92594471
230,CA,Unknown,Unknown,CA,Long Beach,61,Drayage,Unknown,Unknown,Unknown,Unknown,Unknown,TRUE,FALSE,Unknown,Unknown,Unknown,Unknown,Unknown,Unknown,FALSE,Diesel,Unknown,Unknown,183.3413623
231,CA,Unknown,Unknown,CA,Long Beach,61,Drayage,Unknown,Unknown,Unknown,Unknown,Unknown,TRUE,FALSE,Unknown,Unknown,Unknown,Unknown,Unknown,Unknown,FALSE,Diesel,Unknown,Unknown,71.85112677
232,Unknown,Unknown,Unknown,Unknown,Unknown,61,Beverage Delivery,Unknown,4000 DURASTAR SERIES MEDIU ,Unknown,Unknown,Unknown,TRUE,FALSE,Unknown,Unknown,Navistar,Unknown,Cummins ISB6.7,Unknown,FALSE,Diesel,Unknown,Unknown,76.47809304
233,Unknown,Unknown,Unknown,Unknown,Unknown,61,Beverage Delivery,Unknown,4000 DURASTAR SERIES MEDIUM,Unknown,Unknown,Unknown,TRUE,FALSE,Unknown,Unknown,Navistar,Unknown,Cummins ISB6.7,Unknown,FALSE,Diesel,Unknown,Unknown,51.3175722
234,Unknown,Unknown,Unknown,Unknown,Unknown,61,Beverage Delivery,Unknown,4000 DURASTAR SERIES MEDIUM,Unknown,Unknown,Unknown,TRUE,FALSE,Unknown,Unknown,Navistar,Unknown,Cummins ISB6.7,Unknown,FALSE,Diesel,Unknown,Unknown,54.20966322
235,Unknown,Unknown,Unknown,Unknown,Unknown,61,DryVan,Unknown,4000 DURASTAR SERIES MEDIUM,Unknown,Unknown,Unknown,TRUE,FALSE,Unknown,Unknown,Navistar,Unknown,Unknown,Unknown,FALSE,Diesel,Unknown,Unknown,96.71456094
236,Unknown,Unknown,Unknown,Unknown,Unknown,61,DryVan,Unknown,4000 DURASTAR SERIES MEDIUM,Unknown,Unknown,Unknown,TRUE,FALSE,Unknown,Unknown,Navistar,Unknown,Unknown,Unknown,FALSE,Diesel,Unknown,Unknown,93.01545822
237,Unknown,Unknown,Unknown,Unknown,Unknown,61,DryVan,Unknown,4000 DURASTAR SERIES MEDIUM,Unknown,Unknown,Unknown,TRUE,FALSE,Unknown,Unknown,Navistar,Unknown,Unknown,Unknown,FALSE,Diesel,Unknown,Unknown,66.34719169
238,CA,Los Angeles,Unknown,CA,Commerce,52,Warehouse Delivery,Unknown,Unknown,Unknown,Unknown,Unknown,FALSE,FALSE,Unknown,Unknown,Unknown,Unknown,Unknown,Unknown,FALSE,Diesel,Unknown,Unknown,37.65198206
239,CA,Los Angeles,Unknown,CA,Hawthorne,52,Warehouse Delivery,Unknown,Unknown,Unknown,Unknown,Unknown,FALSE,FALSE,Unknown,Unknown,Unknown,Unknown,Unknown,Unknown,FALSE,Diesel,Unknown,Unknown,67.96527676
240,CA,Los Angeles,Unknown,CA,Torrance,52,Warehouse Delivery,Unknown,Unknown,Unknown,Unknown,Unknown,FALSE,FALSE,Unknown,Unknown,Unknown,Unknown,Unknown,Unknown,FALSE,Diesel,Unknown,Unknown,87.30703181
241,CA,Los Angeles,Unknown,CA,Hawthorne,52,Warehouse Delivery,Unknown,Unknown,Unknown,Unknown,Unknown,FALSE,FALSE,Unknown,Unknown,Unknown,Unknown,Unknown,Unknown,FALSE,Diesel,Unknown,Unknown,68.75109886
242,CA,Los Angeles,Unknown,CA,Hawthorne,52,Warehouse Delivery,Unknown,Unknown,Unknown,Unknown,Unknown,FALSE,FALSE,Unknown,Unknown,Unknown,Unknown,Unknown,Unknown,FALSE,Diesel,Unknown,Unknown,74.0466258
243,CA,Los Angeles,Unknown,CA,Commerce,52,Warehouse Delivery,Unknown,Unknown,Unknown,Unknown,Unknown,FALSE,FALSE,Unknown,Unknown,Unknown,Unknown,Unknown,Unknown,FALSE,Diesel,Unknown,Unknown,77.63700316
244,CA,Los Angeles,Unknown,CA,Commerce,52,Warehouse Delivery,Unknown,Unknown,Unknown,Unknown,Unknown,FALSE,FALSE,Unknown,Unknown,Unknown,Unknown,Unknown,Unknown,FALSE,Diesel,Unknown,Unknown,42.66555343
245,CA,Los Angeles,Unknown,CA,Commerce,52,Warehouse Delivery,Unknown,Unknown,Unknown,Unknown,Unknown,FALSE,FALSE,Unknown,Unknown,Unknown,Unknown,Unknown,Unknown,FALSE,Diesel,Unknown,Unknown,20.91323592
246,CA,Los Angeles,Unknown,CA,Commerce,52,Warehouse Delivery,Unknown,Unknown,Unknown,Unknown,Unknown,FALSE,FALSE,Unknown,Unknown,Unknown,Unknown,Unknown,Unknown,FALSE,Diesel,Unknown,Unknown,98.24919198
247,CA,Ontario,Unknown,CA,Ontario,52,Parcel Delivery,Unknown,M2 106,Freightliner,2010,30000 to 32000 lbs,FALSE,FALSE,Unknown,Unknown,CUMMINS,2010,6.7L - ISB6.7 220,Unknown,FALSE,Diesel,Unknown,2,12.48105487
248,CA,Ontario,Unknown,CA,Ontario,52,Parcel Delivery,Unknown,M2 106,Freightliner,2010,30000 to 32000 lbs,FALSE,FALSE,Unknown,Unknown,CUMMINS,2010,6.7L - ISB6.7 220,Unknown,FALSE,Diesel,Unknown,2,13.9501137
249,CA,Ontario,Unknown,CA,Ontario,52,Parcel Delivery,Unknown,M2 106,Freightliner,2010,30000 to 32000 lbs,FALSE,FALSE,Unknown,Unknown,CUMMINS,2010,6.7L - ISB6.7 220,Unknown,FALSE,Diesel,Unknown,2,25.20640632
250,CA,Ontario,Unknown,CA,Ontario,52,Parcel Delivery,Unknown,M2 106,Freightliner,2010,30000 to 32000 lbs,FALSE,FALSE,Unknown,Unknown,CUMMINS,2010,6.7L - ISB6.7 220,Unknown,FALSE,Diesel,Unknown,2,22.35213576
251,CA,Ontario,Unknown,CA,Ontario,52,Parcel Delivery,Unknown,M2 106,Freightliner,2010,30000 to 32000 lbs,FALSE,FALSE,Unknown,Unknown,CUMMINS,2010,6.7L - ISB6.7 220,Unknown,FALSE,Diesel,Unknown,2,0.091019599
252,CA,Ontario,Unknown,CA,Ontario,52,Parcel Delivery,Unknown,M2 106,Freightliner,2010,30000 to 32000 lbs,FALSE,FALSE,Unknown,Unknown,CUMMINS,2010,6.7L - ISB6.7 220,Unknown,FALSE,Diesel,Unknown,2,15.11382874
253,CA,Ontario,Unknown,CA,Fontana,52,Parcel Delivery,Unknown,M2 106,Freightliner,2010,30000 to 32000 lbs,FALSE,FALSE,Unknown,Unknown,CUMMINS,2010,6.7L - ISB6.7 220,Unknown,FALSE,Diesel,Unknown,2,16.66899674
254,CA,Ontario,Unknown,CA,Ontario,52,Parcel Delivery,Unknown,M2 106,Freightliner,2010,30000 to 32000 lbs,FALSE,FALSE,Unknown,Unknown,CUMMINS,2010,6.7L - ISB6.7 220,Unknown,FALSE,Diesel,Unknown,2,33.98046487
255,CA,Ontario,Unknown,CA,Ontario,52,Parcel Delivery,Unknown,M2 106,Freightliner,2010,30000 to 32000 lbs,FALSE,FALSE,Unknown,Unknown,CUMMINS,2010,6.7L - ISB6.7 220,Unknown,FALSE,Diesel,Unknown,2,18.56742318
256,CA,Ontario,Unknown,CA,Ontario,52,Parcel Delivery,Unknown,M2 106,Freightliner,2010,30000 to 32000 lbs,FALSE,FALSE,Unknown,Unknown,CUMMINS,2010,6.7L - ISB6.7 220,Unknown,FALSE,Diesel,Unknown,2,41.68822629
257,WA,Federal Way,Unknown,WA,Federal Way,52,Food Delivery,Unknown,4200 4x2,International,Unknown,Unknown,FALSE,FALSE,Unknown,Unknown,Unknown,Unknown,Unknown,Unknown,FALSE,Diesel,Unknown,Unknown,36.78804434
258,WA,Federal Way,Unknown,WA,Federal Way,52,Food Delivery,Unknown,HINO 238,Hino,Unknown,Unknown,FALSE,FALSE,Unknown,Unknown,Unknown,Unknown,Unknown,Unknown,FALSE,Diesel,Unknown,Unknown,9.867011398
259,WA,Federal Way,Unknown,WA,Federal Way,52,Food Delivery,Unknown,4200 4x2,International,Unknown,Unknown,FALSE,FALSE,Unknown,Unknown,Unknown,Unknown,Unknown,Unknown,FALSE,Diesel,Unknown,Unknown,34.11118408
260,WA,Federal Way,Unknown,WA,Federal Way,52,Food Delivery,Unknown,4200 4x2,International,Unknown,Unknown,FALSE,FALSE,Unknown,Unknown,Unknown,Unknown,Unknown,Unknown,FALSE,Diesel,Unknown,Unknown,30.87657076
261,WA,Federal Way,Unknown,WA,Federal Way,52,Food Delivery,Unknown,HINO 185,Hino,Unknown,Unknown,FALSE,FALSE,Unknown,Unknown,Unknown,Unknown,Unknown,Unknown,FALSE,Diesel,Unknown,Unknown,24.0443472
262,WA,Federal Way,Unknown,WA,Federal Way,52,Food Delivery,Unknown,4200 4x2,International,Unknown,Unknown,FALSE,FALSE,Unknown,Unknown,Unknown,Unknown,Unknown,Unknown,FALSE,Diesel,Unknown,Unknown,50.34147816
263,WA,Federal Way,Unknown,WA,Federal Way,52,Food Delivery,Unknown,4200 4x2,International,Unknown,Unknown,FALSE,FALSE,Unknown,Unknown,Unknown,Unknown,Unknown,Unknown,FALSE,Diesel,Unknown,Unknown,49.62655333
264,WA,Federal Way,Unknown,WA,Federal Way,52,Food Delivery,Unknown,4200 4x2,International,Unknown,Unknown,FALSE,FALSE,Unknown,Unknown,Unknown,Unknown,Unknown,Unknown,FALSE,Diesel,Unknown,Unknown,38.94925167
265,WA,Federal Way,Unknown,WA,Federal Way,52,Food Delivery,Unknown,4200 4x2,International,Unknown,Unknown,FALSE,FALSE,Unknown,Unknown,Unknown,2001,Unknown,Unknown,FALSE,Diesel,Unknown,Unknown,37.42624311
266,WA,Federal Way,Unknown,WA,Federal Way,52,Food Delivery,Unknown,4200 4x2,International,Unknown,Unknown,FALSE,FALSE,Unknown,Unknown,Unknown,2001,Unknown,Unknown,FALSE,Diesel,Unknown,Unknown,43.39496991
267,CA,Los Angeles,Unknown,CA,Riverside,52,Linen Delivery,Unknown,W62,Workhorse,2008,24000 to 26000 lbs,FALSE,FALSE,Unknown,Unknown,WORKHORSE,2008,A200 V-8,Unknown,FALSE,Diesel,Unknown,5,39.19969785
268,CA,Los Angeles,Unknown,CA,Los Angeles,52,Linen Delivery,Unknown,W62,Workhorse,2008,Unknown,FALSE,FALSE,Unknown,Unknown,WORKHORSE,2008,A200 V-8,Unknown,FALSE,Diesel,Unknown,5,61.49208916
269,CA,Los Angeles,Unknown,CA,Paramount,52,Linen Delivery,Unknown,MT-45,Freightliner,2011,18000 to 20000 lbs,FALSE,FALSE,Unknown,Unknown,CUMMINS,2011,ISB-200 6 Cyl,Unknown,FALSE,Diesel,Unknown,2,50.17000665
270,CA,Los Angeles,Unknown,CA,Santa Ana,52,Linen Delivery,Unknown,MT55,Freightliner,2011,24000 to 26000 lbs,FALSE,FALSE,Unknown,Unknown,CUMMINS,2010,ISB-200 6 Cyl,Unknown,FALSE,Diesel,Unknown,2,55.96693678
271,CA,Los Angeles,Unknown,CA,Paramount,52,Linen Delivery,Unknown,MT55,Freightliner,2011,24000 to 26000 lbs,FALSE,FALSE,Unknown,Unknown,CUMMINS,2011,ISB-200 6 Cyl,Unknown,FALSE,Diesel,Unknown,2,96.42706994
272,CA,San Francisco,Unknown,Unknown,Unknown,52,Linen Delivery,Unknown,MT55,Freightliner,2011,24000 to 26000 lbs,FALSE,FALSE,Unknown,Unknown,CUMMINS,2011,ISB-200 6 Cyl,Unknown,FALSE,Diesel,Unknown,2,55.46752005
273,CA,San Francisco,Unknown,CA,Hayward,52,Linen Delivery,Unknown,MT55,Freightliner,2011,24000 to 26000 lbs,FALSE,FALSE,Unknown,Unknown,CUMMINS,2011,ISB-200 6 Cyl,Unknown,FALSE,Diesel,Unknown,2,21.11811636
274,CA,San Francisco,Unknown,CA,Hayward,52,Linen Delivery,Unknown,MT55,Freightliner,2011,24000 to 26000 lbs,FALSE,FALSE,Unknown,Unknown,CUMMINS,2011,ISB-200 6 Cyl,Unknown,FALSE,Diesel,Unknown,2,58.69850565
275,CA,San Francisco,Unknown,CA,Novato,52,Linen Delivery,Unknown,MT-45,Freightliner,2011,18000 to 20000 lbs,FALSE,FALSE,Unknown,Unknown,CUMMINS,2010,ISB-200 6 Cyl,Unknown,FALSE,Diesel,Unknown,2,58.12716879
276,CA,San Francisco,Unknown,CA,Novato,52,Linen Delivery,Unknown,Unknown,Freightliner,2013,24000 to 26000 lbs,FALSE,FALSE,Unknown,Unknown,CUMMINS,2012,ISB-220 8 Cyl,Unknown,FALSE,Diesel,Unknown,0,61.59399742
277,CA,San Francisco,Unknown,CA,Concord,52,Linen Delivery,Unknown,MT55,Freightliner,2011,24000 to 26000 lbs,FALSE,FALSE,Unknown,Unknown,CUMMINS,2011,ISB-200 6 Cyl,Unknown,FALSE,Diesel,Unknown,2,75.15914674
278,CA,San Francisco,Unknown,CA,San Leandro,52,Linen Delivery,Unknown,MT55,Freightliner,2011,24000 to 26000 lbs,FALSE,FALSE,Unknown,Unknown,CUMMINS,2011,ISB-200 6 Cyl,Unknown,FALSE,Diesel,Unknown,2,28.07460843
279,CA,Los Angeles,Unknown,CA,Costa Mesa,52,Parcel Delivery,Unknown,W900 / MT45,Freightliner,2012,18000 to 20000 lbs,FALSE,FALSE,Unknown,Unknown,CUMMINS,2011,ISB-200 6 Cyl,Unknown,FALSE,Diesel,Unknown,1,23.24085256
280,CA,Los Angeles,Unknown,CA,Costa Mesa,52,Parcel Delivery,Unknown,W900 / MT45,Freightliner,2012,18000 to 20000 lbs,FALSE,FALSE,Unknown,Unknown,CUMMINS,2011,ISB-200 6 Cyl,Unknown,FALSE,Diesel,Unknown,1,33.48715356
281,CA,Los Angeles,Unknown,CA,Los Angeles,52,Parcel Delivery,Unknown,Unknown,Freightliner,2013,18000 to 20000 lbs,FALSE,FALSE,Unknown,Unknown,CUMMINS,2012,ISB-200 6 Cyl,Unknown,FALSE,Diesel,Unknown,0,46.60389311
282,CA,Los Angeles,Unknown,CA,Costa Mesa,52,Parcel Delivery,Unknown,Unknown,Isuzu,2012,12000 to 14000 lbs,FALSE,FALSE,Unknown,Unknown,NPRDiesel,Unknown,Unknown,Unknown,FALSE,Diesel,Unknown,1,56.6212961
283,CA,Los Angeles,Unknown,CA,Costa Mesa,52,Parcel Delivery,Unknown,Unknown,Isuzu,2012,12000 to 14000 lbs,FALSE,FALSE,Unknown,Unknown,NPRDiesel,Unknown,Unknown,Unknown,FALSE,Diesel,Unknown,1,85.44612721
284,CA,Los Angeles,Unknown,CA,Costa Mesa,52,Parcel Delivery,Unknown,Unknown,Isuzu,2012,12000 to 14000 lbs,FALSE,FALSE,Unknown,Unknown,NPRDiesel,Unknown,Unknown,Unknown,FALSE,Diesel,Unknown,1,72.28655731
285,CA,Los Angeles,Unknown,CA,Fountain Valley,52,Parcel Delivery,Unknown,Reach,Isuzu,2012,12000 to 14000 lbs,FALSE,FALSE,Unknown,Unknown,NPRDiesel,Unknown,Unknown,Unknown,FALSE,Diesel,Unknown,1,42.62786922
286,CA,Los Angeles,Unknown,CA,Costa Mesa,52,Parcel Delivery,Unknown,Unknown,Isuzu,2012,12000 to 14000 lbs,FALSE,FALSE,Unknown,Unknown,NPRDiesel,Unknown,Unknown,Unknown,FALSE,Diesel,Unknown,1,49.79213931
287,CA,Los Angeles,Unknown,CA,Universal City,52,Parcel Delivery,Unknown,Reach,Isuzu,2012,12000 to 14000 lbs,FALSE,FALSE,Unknown,Unknown,NPRDiesel,Unknown,Unknown,Unknown,FALSE,Diesel,Unknown,1,36.92454268
288,CA,Los Angeles,Unknown,CA,Los Angeles,52,Parcel Delivery,Unknown,Reach,Isuzu,2012,12000 to 14000 lbs,FALSE,FALSE,Unknown,Unknown,NPRDiesel,Unknown,Unknown,Unknown,FALSE,Diesel,Unknown,1,66.80855828
289,CA,San Francisco,Unknown,Unknown,Unknown,52,Linen Delivery,Unknown,W62,Workhorse,2010,22000 to 24000 lbs,FALSE,FALSE,Unknown,Unknown,MAXXFORCE,Unknown,Unknown,Unknown,FALSE,Diesel,Unknown,2,72.35144569
290,CA,San Francisco,Unknown,CA,Pittsburg,52,Linen Delivery,Unknown,W62,Workhorse,2010,22000 to 24000 lbs,FALSE,FALSE,Unknown,Unknown,MAXXFORCE,Unknown,Unknown,Unknown,FALSE,Diesel,Unknown,2,107.900575
291,CA,San Francisco,Unknown,CA,Pittsburg,52,Linen Delivery,Unknown,W62,Workhorse,2010,22000 to 24000 lbs,FALSE,FALSE,Unknown,Unknown,MAXXFORCE,Unknown,Unknown,Unknown,FALSE,Diesel,Unknown,2,44.34005144
292,CA,San Francisco,Unknown,CA,Sacramento,52,Linen Delivery,Unknown,MT-45,Freightliner,2011,22000 to 24000 lbs,FALSE,FALSE,Unknown,Unknown,CUMMINS,2010,6.7L - ISB6.7,Unknown,FALSE,Diesel,Unknown,1,94.65357667
293,CA,San Francisco,Unknown,CA,Hayward,52,Linen Delivery,Unknown,MT-45,Freightliner,2009,22000 to 24000 lbs,FALSE,FALSE,Unknown,Unknown,MAXXFORCE,Unknown,Unknown,Unknown,FALSE,Diesel,Unknown,3,68.12851024
294,IN,Indianapolis,Unknown,IN,Indianapolis,52,Snow Plow,Unknown,Unknown,Unknown,Unknown,Unknown,FALSE,FALSE,Unknown,Unknown,Unknown,Unknown,Unknown,Unknown,FALSE,Diesel,Unknown,Unknown,82.20566389
295,IN,Indianapolis,Unknown,IN,Indianapolis,52,Snow Plow,Unknown,Unknown,Unknown,Unknown,Unknown,FALSE,FALSE,Unknown,Unknown,Unknown,Unknown,Unknown,Unknown,FALSE,Diesel,Unknown,Unknown,102.3701447
296,IN,Indianapolis,Unknown,IN,Indianapolis,52,Snow Plow,Unknown,Unknown,Unknown,Unknown,Unknown,FALSE,FALSE,Unknown,Unknown,Unknown,Unknown,Unknown,Unknown,FALSE,Diesel,Unknown,Unknown,38.34392044
297,IN,Indianapolis,Unknown,IN,Indianapolis,52,Snow Plow,Unknown,Unknown,Unknown,Unknown,Unknown,FALSE,FALSE,Unknown,Unknown,Unknown,Unknown,Unknown,Unknown,FALSE,Diesel,Unknown,Unknown,29.06066642
298,IN,Indianapolis,Unknown,IN,Indianapolis,52,Snow Plow,Unknown,Unknown,Unknown,Unknown,Unknown,FALSE,FALSE,Unknown,Unknown,Unknown,Unknown,Unknown,Unknown,FALSE,Diesel,Unknown,Unknown,23.90855618
299,IN,Indianapolis,Unknown,IN,Indianapolis,52,Snow Plow,Unknown,Unknown,Unknown,Unknown,Unknown,FALSE,FALSE,Unknown,Unknown,Unknown,Unknown,Unknown,Unknown,FALSE,Diesel,Unknown,Unknown,44.24128818
300,IN,Indianapolis,Unknown,IN,Indianapolis,52,Snow Plow,Unknown,Unknown,Unknown,Unknown,Unknown,FALSE,FALSE,Unknown,Unknown,Unknown,Unknown,Unknown,Unknown,FALSE,Diesel,Unknown,Unknown,92.16638435
301,IN,Indianapolis,Unknown,IN,Indianapolis,52,Snow Plow,Unknown,Unknown,Mack,2012,28000 to 30000 lbs,FALSE,FALSE,Unknown,Unknown,Unknown,2010,Unknown,Unknown,FALSE,Diesel,Unknown,2,42.81033959
302,IN,Indianapolis,Unknown,IN,Indianapolis,52,Snow Plow,Unknown,Unknown,Mack,2012,28000 to 30000 lbs,FALSE,FALSE,Unknown,Unknown,Unknown,2010,Unknown,Unknown,FALSE,Diesel,Unknown,2,36.8935666
303,TN,Knoxville,Unknown,TN,Knoxville,52,Towing,Unknown,F650,Ford,Unknown,24000 to 26000 lbs,FALSE,FALSE,Unknown,Unknown,CUMMINS,Unknown,IBS 5.9 L,Unknown,FALSE,Diesel,Unknown,Unknown,70.42804743
304,TN,Knoxville,Unknown,TN,Knoxville,52,Towing,Unknown,F650,Ford,Unknown,24000 to 26000 lbs,FALSE,FALSE,Unknown,Unknown,CUMMINS,Unknown,IBS 5.9 L,Unknown,FALSE,Diesel,Unknown,Unknown,51.19846749
305,TN,Knoxville,Unknown,TN,Maynardville,52,Towing,Unknown,F650,Ford,Unknown,24000 to 26000 lbs,FALSE,FALSE,Unknown,Unknown,CUMMINS,Unknown,IBS 5.9 L,Unknown,FALSE,Diesel,Unknown,Unknown,35.85488887
306,MN,Minneapolis,Unknown,MN,Minneapolis,52,Parcel Delivery,Unknown,Unknown,Unknown,Unknown,Unknown,FALSE,FALSE,Unknown,Unknown,Unknown,Unknown,Unknown,Unknown,FALSE,Diesel,Unknown,Unknown,51.38437396
307,MN,Minneapolis,Unknown,MN,Minneapolis,52,Parcel Delivery,Unknown,Unknown,Unknown,Unknown,Unknown,FALSE,FALSE,Unknown,Unknown,Unknown,Unknown,Unknown,Unknown,FALSE,Diesel,Unknown,Unknown,95.31025252
308,MN,Minneapolis,Unknown,MN,Minneapolis,52,Parcel Delivery,Unknown,Unknown,Unknown,Unknown,Unknown,FALSE,FALSE,Unknown,Unknown,Unknown,Unknown,Unknown,Unknown,FALSE,Diesel,Unknown,Unknown,41.61071274
309,MN,Minneapolis,Unknown,MN,Minneapolis,52,Parcel Delivery,Unknown,Unknown,Unknown,Unknown,Unknown,FALSE,FALSE,Unknown,Unknown,Unknown,Unknown,Unknown,Unknown,FALSE,Diesel,Unknown,Unknown,52.35810077
310,MN,Minneapolis,Unknown,MN,Minneapolis,52,Parcel Delivery,Unknown,Unknown,Unknown,Unknown,Unknown,FALSE,FALSE,Unknown,Unknown,Unknown,Unknown,Unknown,Unknown,FALSE,Diesel,Unknown,Unknown,38.36620819
311,MN,Minneapolis,Unknown,MN,Minneapolis,52,Parcel Delivery,Unknown,Unknown,Unknown,Unknown,Unknown,FALSE,FALSE,Unknown,Unknown,Unknown,Unknown,Unknown,Unknown,FALSE,Diesel,Unknown,Unknown,50.03825386
312,MN,Minneapolis,Unknown,MN,Minneapolis,52,Parcel Delivery,Unknown,Unknown,Unknown,Unknown,Unknown,FALSE,FALSE,Unknown,Unknown,Unknown,Unknown,Unknown,Unknown,FALSE,Diesel,Unknown,Unknown,75.06857053
313,MN,Minneapolis,Unknown,MN,Minneapolis,52,Parcel Delivery,Unknown,Unknown,Unknown,Unknown,Unknown,FALSE,FALSE,Unknown,Unknown,Unknown,Unknown,Unknown,Unknown,FALSE,Diesel,Unknown,Unknown,30.98308546
314,MN,Minneapolis,Unknown,MN,Minneapolis,52,Parcel Delivery,Unknown,Unknown,Unknown,Unknown,Unknown,FALSE,FALSE,Unknown,Unknown,Unknown,Unknown,Unknown,Unknown,FALSE,Diesel,Unknown,Unknown,107.1585893
315,MN,Minneapolis,Unknown,MN,Minneapolis,52,Parcel Delivery,Unknown,Unknown,Unknown,Unknown,Unknown,FALSE,FALSE,Unknown,Unknown,Unknown,Unknown,Unknown,Unknown,FALSE,Diesel,Unknown,Unknown,39.20785344
316,MN,Minneapolis,Unknown,MN,Minneapolis,52,Parcel Delivery,Unknown,Unknown,Unknown,Unknown,Unknown,FALSE,FALSE,Unknown,Unknown,Unknown,Unknown,Unknown,Unknown,FALSE,Diesel,Unknown,Unknown,46.94344817
317,WA,Federal Way,Unknown,WA,Federal Way,52,Food Delivery,Unknown,Unknown,Unknown,Unknown,Unknown,FALSE,FALSE,Unknown,Unknown,Unknown,Unknown,Unknown,Unknown,FALSE,Diesel,Unknown,Unknown,50.46754294
318,WA,Federal Way,Unknown,Unknown,Unknown,52,Food Delivery,Unknown,Unknown,Unknown,Unknown,Unknown,FALSE,FALSE,Unknown,Unknown,Unknown,Unknown,Unknown,Unknown,FALSE,Diesel,Unknown,Unknown,29.93082875
319,WA,Federal Way,Unknown,WA,Federal Way,52,Food Delivery,Unknown,Unknown,Unknown,Unknown,Unknown,FALSE,FALSE,Unknown,Unknown,Unknown,Unknown,Unknown,Unknown,FALSE,Diesel,Unknown,Unknown,31.45723353
320,WA,Federal Way,Unknown,WA,Federal Way,52,Food Delivery,Unknown,Unknown,Unknown,Unknown,Unknown,FALSE,FALSE,Unknown,Unknown,Unknown,Unknown,Unknown,Unknown,FALSE,Diesel,Unknown,Unknown,40.95794213
321,WA,Federal Way,Unknown,WA,Federal Way,52,Food Delivery,Unknown,Unknown,Unknown,Unknown,Unknown,FALSE,FALSE,Unknown,Unknown,Unknown,Unknown,Unknown,Unknown,FALSE,Diesel,Unknown,Unknown,32.08127645
322,WA,Federal Way,Unknown,WA,Federal Way,52,Food Delivery,Unknown,Unknown,Unknown,Unknown,Unknown,FALSE,FALSE,Unknown,Unknown,Unknown,Unknown,Unknown,Unknown,FALSE,Diesel,Unknown,Unknown,32.40332923
323,WA,Federal Way,Unknown,WA,Federal Way,52,Food Delivery,Unknown,Unknown,Unknown,Unknown,Unknown,FALSE,FALSE,Unknown,Unknown,Unknown,Unknown,Unknown,Unknown,FALSE,Diesel,Unknown,Unknown,36.35941484
324,WA,Federal Way,Unknown,WA,Federal Way,52,Food Delivery,Unknown,Unknown,Unknown,Unknown,Unknown,FALSE,FALSE,Unknown,Unknown,Unknown,Unknown,Unknown,Unknown,FALSE,Diesel,Unknown,Unknown,11.27403344
325,WA,Federal Way,Unknown,WA,Federal Way,52,Food Delivery,Unknown,Unknown,Unknown,Unknown,Unknown,FALSE,FALSE,Unknown,Unknown,Unknown,Unknown,Unknown,Unknown,FALSE,Diesel,Unknown,Unknown,32.95219724
326,TX,Houston,Unknown,TX,Houston,52,Parcel Delivery,Unknown,Unknown,Unknown,Unknown,Unknown,FALSE,FALSE,Unknown,Unknown,Unknown,Unknown,Unknown,Unknown,FALSE,Renewable Diesel,Unknown,Unknown,62.68260489
327,TX,Houston,Unknown,TX,Houston,52,Parcel Delivery,Unknown,Unknown,Unknown,Unknown,Unknown,FALSE,FALSE,Unknown,Unknown,Unknown,Unknown,Unknown,Unknown,FALSE,Renewable Diesel,Unknown,Unknown,62.08073913
328,TX,Houston,Unknown,TX,Houston,52,Parcel Delivery,Unknown,Unknown,Unknown,Unknown,Unknown,FALSE,FALSE,Unknown,Unknown,Unknown,Unknown,Unknown,Unknown,FALSE,Renewable Diesel,Unknown,Unknown,43.80080543
329,TX,Houston,Unknown,TX,Houston,52,Parcel Delivery,Unknown,Unknown,Unknown,Unknown,Unknown,FALSE,FALSE,Unknown,Unknown,Unknown,Unknown,Unknown,Unknown,FALSE,Renewable Diesel,Unknown,Unknown,73.23761386
330,TX,Houston,Unknown,TX,Houston,52,Parcel Delivery,Unknown,Unknown,Unknown,Unknown,Unknown,FALSE,FALSE,Unknown,Unknown,Unknown,Unknown,Unknown,Unknown,FALSE,Renewable Diesel,Unknown,Unknown,61.45788613
331,TX,Houston,Unknown,TX,Houston,52,Parcel Delivery,Unknown,Unknown,Unknown,Unknown,Unknown,FALSE,FALSE,Unknown,Unknown,Unknown,Unknown,Unknown,Unknown,FALSE,Renewable Diesel,Unknown,Unknown,74.50460374
332,CO,Denver,Unknown,CO,Commerce City,52,Food Delivery,DM199150,PB337,Peterbilt,2013,Unknown,FALSE,FALSE,Unknown,Unknown,Unknown,Unknown,PX-7,Unknown,FALSE,Diesel,Unknown,2,57.96874929
333,CO,Denver,Unknown,CO,Commerce City,52,Food Delivery,EM236872,PB337,Peterbilt,Unknown,Unknown,FALSE,FALSE,Unknown,Unknown,Unknown,Unknown,PX-7,Unknown,FALSE,Diesel,Unknown,Unknown,42.87119706
334,CO,Denver,Unknown,CO,Commerce City,52,Food Delivery,EM237457,PB337,Peterbilt,Unknown,Unknown,FALSE,FALSE,Unknown,Unknown,Unknown,Unknown,PX-7,Unknown,FALSE,Diesel,Unknown,Unknown,30.34664001
335,CO,Denver,Unknown,CO,Commerce City,52,Food Delivery,EM237458,PB337,Peterbilt,Unknown,Unknown,FALSE,FALSE,Unknown,Unknown,Unknown,Unknown,PX-7,Unknown,FALSE,Diesel,Unknown,Unknown,31.07630677
336,CO,Denver,Unknown,CO,Commerce City,52,Food Delivery,1NPVLP9X3,384,Peterbilt,Unknown,Unknown,FALSE,FALSE,Unknown,Unknown,Unknown,Unknown,MX 13 ,Unknown,FALSE,Diesel,Unknown,Unknown,101.9902706
337,CO,Denver,Unknown,CO,Commerce City,52,Food Delivery,1NPVLP9X5,384,Peterbilt,Unknown,Unknown,FALSE,FALSE,Unknown,Unknown,Unknown,Unknown,MX 13 ,Unknown,FALSE,Diesel,Unknown,Unknown,113.5382344
338,CO,Denver,Unknown,CO,Commerce City,52,Food Delivery,DD199187,384,Peterbilt,Unknown,Unknown,FALSE,FALSE,Unknown,Unknown,Unknown,Unknown,MX 13 ,Unknown,FALSE,Diesel,Unknown,Unknown,99.55014551
339,CO,Denver,Unknown,CO,Commerce City,52,Food Delivery,1M2AW09C1,CXU613,Mack,Unknown,Unknown,FALSE,FALSE,Unknown,Unknown,Unknown,Unknown,MP8,Unknown,FALSE,Diesel,Unknown,Unknown,81.66661906
340,CO,Denver,Unknown,CO,Commerce City,52,Food Delivery,1M2AW09CX,CXU613,Mack,Unknown,Unknown,FALSE,FALSE,Unknown,Unknown,Unknown,Unknown,MP8,Unknown,FALSE,Diesel,Unknown,Unknown,33.18700005
341,CO,Denver,Unknown,CO,Commerce City,52,Food Delivery,1M2AW09C3,CXU613,Mack,Unknown,Unknown,FALSE,FALSE,Unknown,Unknown,Unknown,Unknown,MP8,Unknown,FALSE,Diesel,Unknown,Unknown,38.3946329
342,CO,Denver,Unknown,CO,Commerce City,52,Food Delivery,1M2AW09C1,CXU613,Mack,Unknown,Unknown,FALSE,FALSE,Unknown,Unknown,Unknown,Unknown,MP8,Unknown,FALSE,Diesel,Unknown,Unknown,40.77123403
343,Unknown,Unknown,Unknown,CO,Denver,52,Delivery,Unknown,Unknown,Unknown,Unknown,50000,FALSE,FALSE,Unknown,Unknown,PACCAR,2013,MX-13,Unknown,FALSE,Diesel,Unknown,Unknown,195.0640827
344,Unknown,Unknown,Unknown,TX,Killeen,52,Concrete,Unknown,Unknown,Unknown,Unknown,68000,FALSE,FALSE,Unknown,Unknown,PACCAR,2013,MX-13,Unknown,FALSE,Diesel,Unknown,Unknown,52.57861743
345,Unknown,Unknown,Unknown,TX,Waco,52,Concrete,Unknown,Unknown,Unknown,Unknown,68000,FALSE,FALSE,Unknown,Unknown,PACCAR,2013,MX-13,Unknown,FALSE,Diesel,Unknown,Unknown,65.35144886
346,Unknown,Unknown,Unknown,TX,Dallas,52,Concrete,Unknown,Unknown,Unknown,Unknown,75610,FALSE,FALSE,Unknown,Unknown,PACCAR,2013,MX-13,Unknown,FALSE,Diesel,Unknown,Unknown,53.21258908
347,CA,Los Angeles,Unknown,CA,Aliso Viejo,52,Parcel Delivery,Unknown,Unknown,Freightliner,2009,Unknown,FALSE,FALSE,Unknown,Unknown,CUMMINS ISB-07,Unknown,ISB-07,Unknown,FALSE,Diesel,Unknown,4,35.47556598
348,CA,Los Angeles,Unknown,CA,Aliso Viejo,52,Parcel Delivery,Unknown,Unknown,Freightliner,2009,Unknown,FALSE,FALSE,Unknown,Unknown,CUMMINS ISB-07,Unknown,ISB-07,Unknown,FALSE,Diesel,Unknown,4,52.16132355
349,Unknown,Unknown,Unknown,Unknown,Unknown,52,Towing,5PVNJ8JP0,Unknown,Unknown,2014,25950,FALSE,FALSE,Unknown,Unknown,Hino,2014,J08E,Unknown,FALSE,Diesel,Unknown,1,121.9039668
350,Unknown,Unknown,Unknown,Unknown,Unknown,52,Snow Plow,5PVNV8JJ8,Unknown,Unknown,2014,33000,FALSE,FALSE,Unknown,Unknown,Hino,2014,J08E,Unknown,FALSE,Diesel,Unknown,1,33.95504414
351,Unknown,Unknown,Unknown,Unknown,Unknown,52,Shredder,5PVNV8JV0,Unknown,Unknown,2014,33000,FALSE,FALSE,Unknown,Unknown,Hino,2014,J08E,Unknown,FALSE,Diesel,Unknown,1,32.78025648
352,Unknown,Unknown,Unknown,Unknown,Unknown,52,Propane Tank,5PVNV8JP5,Unknown,Unknown,2014,33000,FALSE,FALSE,Unknown,Unknown,Hino,2014,J08E,Unknown,FALSE,Diesel,Unknown,1,41.3317586
353,Unknown,Unknown,Unknown,Unknown,Unknown,52,Snow Plow,5PVNV8JJ4,Unknown,Unknown,2014,33000,FALSE,FALSE,Unknown,Unknown,Hino,2014,J08E,Unknown,FALSE,Diesel,Unknown,1,82.37986097
354,Unknown,Unknown,Unknown,Unknown,Unknown,52,Dump Truck,Unknown,7000  WORKSTAR SEVERE SERVICE,Unknown,Unknown,Unknown,FALSE,FALSE,Unknown,Unknown,Navistar,Unknown,Unknown,Unknown,FALSE,Diesel,Unknown,Unknown,92.2836577
355,Unknown,Unknown,Unknown,Unknown,Unknown,52,Dump Truck,Unknown,7000  WORKSTAR  SEVERE SERVICE,Unknown,Unknown,Unknown,FALSE,FALSE,Unknown,Unknown,Navistar,Unknown,Unknown,Unknown,FALSE,Diesel,Unknown,Unknown,54.67783311
356,Unknown,Unknown,Unknown,Unknown,Unknown,52,Dump Truck,Unknown,7000 WORKSTAR  SEVERE SERVICE,Unknown,Unknown,Unknown,FALSE,FALSE,Unknown,Unknown,Navistar,Unknown,Unknown,Unknown,FALSE,Diesel,Unknown,Unknown,33.18886246
357,IN,Indianapolis,Unknown,IN,Indianapolis,51,Refuse Pickup,Unknown,Unknown,Unknown,Unknown,Unknown,FALSE,FALSE,Unknown,Unknown,Unknown,Unknown,Unknown,Unknown,FALSE,Diesel,Unknown,Unknown,15.45518441
358,IN,Indianapolis,Unknown,IN,Indianapolis,51,Refuse Pickup,Unknown,Unknown,Unknown,Unknown,Unknown,FALSE,FALSE,Unknown,Unknown,Unknown,Unknown,Unknown,Unknown,FALSE,Diesel,Unknown,Unknown,46.30707793
359,IN,Indianapolis,Unknown,IN,Indianapolis,51,Refuse Pickup,Unknown,Unknown,Unknown,Unknown,Unknown,FALSE,FALSE,Unknown,Unknown,Unknown,Unknown,Unknown,Unknown,FALSE,Diesel,Unknown,Unknown,35.95306593
360,IN,Indianapolis,Unknown,IN,Indianapolis,51,Refuse Pickup,Unknown,Unknown,Unknown,Unknown,Unknown,FALSE,FALSE,Unknown,Unknown,Unknown,Unknown,Unknown,Unknown,FALSE,Diesel,Unknown,Unknown,48.77974034
361,IN,Indianapolis,Unknown,IN,Indianapolis,51,Refuse Pickup,Unknown,Unknown,Unknown,Unknown,Unknown,FALSE,FALSE,Unknown,Unknown,Unknown,Unknown,Unknown,Unknown,FALSE,Diesel,Unknown,Unknown,36.25404252
362,IN,Indianapolis,Unknown,IN,Indianapolis,51,Refuse Pickup,Unknown,Unknown,Unknown,Unknown,Unknown,FALSE,FALSE,Unknown,Unknown,Unknown,Unknown,Unknown,Unknown,FALSE,Diesel,Unknown,Unknown,40.63446014
363,IN,Indianapolis,Unknown,IN,Indianapolis,51,Refuse Pickup,Unknown,Unknown,Unknown,Unknown,Unknown,FALSE,FALSE,Unknown,Unknown,Unknown,Unknown,Unknown,Unknown,FALSE,Diesel,Unknown,Unknown,45.28944067
364,IN,Indianapolis,Unknown,IN,Indianapolis,51,Refuse Pickup,Unknown,Unknown,Unknown,2011,Unknown,FALSE,FALSE,Unknown,Unknown,Unknown,Unknown,Unknown,Unknown,FALSE,Diesel,Unknown,2,36.51569766
365,IN,Indianapolis,Unknown,IN,Indianapolis,51,Refuse Pickup,Unknown,Unknown,Unknown,2011,Unknown,FALSE,FALSE,Unknown,Unknown,Unknown,Unknown,Unknown,Unknown,FALSE,Diesel,Unknown,2,44.31281603
366,IN,Indianapolis,Unknown,Unknown,Unknown,51,Refuse Pickup,Unknown,Unknown,Unknown,2011,Unknown,FALSE,FALSE,Unknown,Unknown,Unknown,Unknown,Unknown,Unknown,FALSE,Diesel,Unknown,2,33.19076035
367,IN,Indianapolis,Unknown,IN,Indianapolis,51,Refuse Pickup,Unknown,Unknown,Unknown,2011,Unknown,FALSE,FALSE,Unknown,Unknown,Unknown,Unknown,Unknown,Unknown,FALSE,Diesel,Unknown,2,15.64642515
368,IN,Indianapolis,Unknown,IN,Indianapolis,51,Refuse Pickup,Unknown,Unknown,Unknown,2011,Unknown,FALSE,FALSE,Unknown,Unknown,Unknown,Unknown,Unknown,Unknown,FALSE,Diesel,Unknown,2,28.63634707
369,IN,Indianapolis,Unknown,IN,Indianapolis,51,Refuse Pickup,Unknown,Unknown,Unknown,2011,Unknown,FALSE,FALSE,Unknown,Unknown,Unknown,Unknown,Unknown,Unknown,FALSE,Diesel,Unknown,2,34.00927729
370,CO,Denver,Unknown,CO,Henderson,51,Refuse Pickup,Unknown,Unknown,Unknown,Unknown,Unknown,FALSE,FALSE,Unknown,Unknown,Unknown,Unknown,Unknown,Unknown,FALSE,Diesel,Unknown,Unknown,56.38888894
371,CO,Denver,Unknown,CO,Henderson,51,Refuse Pickup,Unknown,Unknown,Unknown,Unknown,Unknown,FALSE,FALSE,Unknown,Unknown,Unknown,Unknown,Unknown,Unknown,FALSE,Diesel,Unknown,Unknown,218.0322322
372,CO,Denver,Unknown,Unknown,Unknown,51,Refuse Pickup,Unknown,Unknown,Unknown,Unknown,Unknown,FALSE,FALSE,Unknown,Unknown,Unknown,Unknown,Unknown,Unknown,FALSE,Diesel,Unknown,Unknown,107.7690695
373,CO,Denver,Unknown,CO,Commerce City,51,Refuse Pickup,Unknown,Unknown,Unknown,Unknown,Unknown,FALSE,FALSE,Unknown,Unknown,Unknown,Unknown,Unknown,Unknown,FALSE,Diesel,Unknown,Unknown,105.3884944
374,CO,Denver,Unknown,CO,Commerce City,51,Refuse Pickup,Unknown,Unknown,Unknown,Unknown,Unknown,FALSE,FALSE,Unknown,Unknown,Unknown,Unknown,Unknown,Unknown,FALSE,Diesel,Unknown,Unknown,55.59411519
375,CO,Denver,Unknown,CO,Commerce City,51,Refuse Pickup,Unknown,Unknown,Unknown,Unknown,Unknown,FALSE,FALSE,Unknown,Unknown,Unknown,Unknown,Unknown,Unknown,FALSE,Diesel,Unknown,Unknown,121.5482863
376,CO,Denver,Unknown,CO,Commerce City,51,Refuse Pickup,Unknown,Unknown,Unknown,Unknown,Unknown,FALSE,FALSE,Unknown,Unknown,Unknown,Unknown,Unknown,Unknown,FALSE,Diesel,Unknown,Unknown,71.83543883
377,OH,Columbus,Unknown,OH,Columbus,51,Refuse Pickup,Unknown,320 ASL Wayne,Peterbilt,2012,60000 to 70000 lbs,FALSE,FALSE,Unknown,Unknown,CUMMINS,2011,ISL,Unknown,FALSE,Diesel,Unknown,2,31.76346451
378,OH,Columbus,Unknown,OH,Columbus,51,Refuse Pickup,Unknown,320 FL Heil,Peterbilt,2013,60000 to 70000 lbs,FALSE,FALSE,Unknown,Unknown,CUMMINS,2012,ISL,Unknown,FALSE,Diesel,Unknown,1,44.43900626
379,OH,Columbus,Unknown,OH,New Albany,51,Refuse Pickup,Unknown,320 ASL Wayne,Peterbilt,2012,60000 to 70000 lbs,FALSE,FALSE,Unknown,Unknown,CUMMINS,2011,ISL,Unknown,FALSE,Diesel,Unknown,2,37.89127217
380,OH,Columbus,Unknown,OH,New Albany,51,Refuse Pickup,Unknown,320 ASL Wayne,Peterbilt,2012,60000 to 70000 lbs,FALSE,FALSE,Unknown,Unknown,CUMMINS,2011,ISL,Unknown,FALSE,Diesel,Unknown,2,29.35877674
381,FL,Miami,Unknown,FL,Miami,51,Refuse Pickup,Unknown, Condor,Freightliner,2007,Unknown,FALSE,FALSE,Unknown,Unknown,LaBrie,Unknown,Caterpillar C11,Unknown,FALSE,Diesel,Unknown,8,38.31010653
382,FL,Miami,Unknown,FL,Doral,51,Refuse Pickup,Unknown, Condor,Freightliner,2007,Unknown,FALSE,FALSE,Unknown,Unknown,LaBrie,Unknown,Caterpillar C11,Unknown,FALSE,Diesel,Unknown,8,0.734450926
383,Unknown,Unknown,Unknown,Unknown,Unknown,51,Refuse Pickup,5PVNV8JJ0,Unknown,Unknown,2014,33000,FALSE,FALSE,Unknown,Unknown,Hino,2014,J08E,Unknown,FALSE,Diesel,Unknown,1,35.64285444
384,Unknown,Unknown,Unknown,Unknown,Unknown,51,Refuse Pickup,5PVNV8JJ4,Unknown,Unknown,2014,33000,FALSE,FALSE,Unknown,Unknown,Hino,2014,J08E,Unknown,FALSE,Diesel,Unknown,1,41.96360835
385,FL,Miami,Unknown,FL,Miami,51,Refuse Pickup,Unknown, Condor,American Lafrance,2007,66000,FALSE,FALSE,Unknown,Unknown,Caterpillar,2007,Caterpillar C11 ACERT,Unknown,FALSE,Diesel,Unknown,8,53.36465063
386,FL,Miami,Unknown,FL,Miami,51,Refuse Pickup,Unknown, Condor,American Lafrance,2007,66000,FALSE,FALSE,Unknown,Unknown,Caterpillar,2007,Caterpillar C11 ACERT,Unknown,FALSE,Diesel,Unknown,8,46.81917319
387,FL,Miami,Unknown,FL,Doral,51,Refuse Pickup,Unknown, Condor,American Lafrance,2007,66000,FALSE,FALSE,Unknown,Unknown,Caterpillar,2007,Caterpillar C11 ACERT,Unknown,FALSE,Diesel,Unknown,8,37.03649895
388,FL,Miami,Unknown,FL,Doral,51,Refuse Pickup,Unknown, Condor,American Lafrance,2007,66000,FALSE,FALSE,Unknown,Unknown,Caterpillar,2007,Caterpillar C11 ACERT,Unknown,FALSE,Diesel,Unknown,8,31.94040846
389,FL,Miami,Unknown,FL,Doral,51,Refuse Pickup,Unknown, Condor,American Lafrance,2007,66000,FALSE,FALSE,Unknown,Unknown,Caterpillar,2007,Caterpillar C11 ACERT,Unknown,FALSE,Diesel,Unknown,8,45.20701854
390,FL,Miami,Unknown,FL,Doral,51,Refuse Pickup,Unknown, Condor,American Lafrance,2007,66000,FALSE,FALSE,Unknown,Unknown,Caterpillar,2007,Caterpillar C11 ACERT,Unknown,FALSE,Diesel,Unknown,8,21.96858913
391,FL,Miami,Unknown,FL,Miami,51,Refuse Pickup,Unknown, Condor,American Lafrance,2007,66000,FALSE,FALSE,Unknown,Unknown,Caterpillar,2007,Caterpillar C11 ACERT,Unknown,FALSE,Diesel,Unknown,8,44.44465215
392,FL,Miami,Unknown,FL,Miami,51,Refuse Pickup,Unknown, Condor,American Lafrance,2007,66000,FALSE,FALSE,Unknown,Unknown,Caterpillar,2007,Caterpillar C11 ACERT,Unknown,FALSE,Diesel,Unknown,8,55.62216188
393,FL,Miami,Unknown,FL,Doral,51,Refuse Pickup,Unknown, Condor,American Lafrance,2007,66000,FALSE,FALSE,Unknown,Unknown,Caterpillar,2007,Caterpillar C11 ACERT,Unknown,FALSE,Diesel,Unknown,8,40.8170103
394,CA,Napa,Unknown,CA,Napa,43,School Bus,Unknown,Unknown,Ford/Collins,2008,Unknown,FALSE,FALSE,Unknown,Unknown,Ford,Unknown,Unknown,Unknown,FALSE,BioDiesel,Unknown,7,29.80269057
395,CA,Napa,Unknown,CA,Napa,43,School Bus,Unknown,Unknown,Ford/Collins,2008,Unknown,FALSE,FALSE,Unknown,Unknown,Ford,Unknown,Unknown,Unknown,FALSE,BioDiesel,Unknown,7,69.15647898
396,CA,Napa,Unknown,CA,Napa,43,School Bus,Unknown,Unknown,Ford/Collins,2008,Unknown,FALSE,FALSE,Unknown,Unknown,Ford,Unknown,Unknown,Unknown,FALSE,BioDiesel,Unknown,7,64.97587693
397,CA,Napa,Unknown,CA,Napa,43,School Bus,Unknown,Unknown,Ford/Collins,2008,Unknown,FALSE,FALSE,Unknown,Unknown,Ford,Unknown,Unknown,Unknown,FALSE,BioDiesel,Unknown,7,53.59469306
398,Unknown,Unknown,Unknown,Unknown,Unknown,43,School Bus,Unknown,INGB - IC BUS SERIES,Unknown,Unknown,Unknown,FALSE,FALSE,Unknown,Unknown,Navistar,Unknown,Unknown,Unknown,FALSE,Diesel,Unknown,Unknown,42.07625489
399,Unknown,Unknown,Unknown,Unknown,Unknown,43,School Bus,Unknown,INGB - IC BUS SERIES,Unknown,Unknown,Unknown,FALSE,FALSE,Unknown,Unknown,Navistar,Unknown,Unknown,Unknown,FALSE,Diesel,Unknown,Unknown,31.9841996
400,Unknown,Unknown,Unknown,Unknown,Unknown,43,School Bus,Unknown,INGB - IC BUS SERIES,Unknown,Unknown,Unknown,FALSE,FALSE,Unknown,Unknown,Navistar,Unknown,Unknown,Unknown,FALSE,Diesel,Unknown,Unknown,41.71683085
401,MN,Minneapolis,Unknown,MN,Minneapolis,42,Mass Transit,Unknown,G27D102N4,Gillig,Unknown,38000 to 40000 lbs,FALSE,FALSE,Unknown,Unknown,ISL 280,2010,CCEXH0540LAR,Unknown,FALSE,Diesel,Unknown,Unknown,131.5590479
402,MN,Minneapolis,Unknown,MN,Minneapolis,42,Mass Transit,Unknown,Unknown,Gillig,Unknown,Unknown,FALSE,FALSE,Unknown,Unknown,Unknown,2013,Unknown,Unknown,FALSE,Diesel,Unknown,Unknown,101.5885577
403,MN,Minneapolis,Unknown,MN,Richfield,42,Mass Transit,Unknown,G27D102N4,Gillig,Unknown,38000 to 40000 lbs,FALSE,FALSE,Unknown,Unknown,ISB 280,2010,CCEXH0540LAR,Unknown,FALSE,Diesel,Unknown,Unknown,142.4602729
404,MN,Minneapolis,Unknown,MN,Bloomington,42,Mass Transit,Unknown,G27D102N4,Gillig,Unknown,38000 to 40000 lbs,FALSE,FALSE,Unknown,Unknown,ISB 280,2010,CCEXH0540LAR,Unknown,FALSE,Diesel,Unknown,Unknown,76.69087195
405,MN,Minneapolis,Unknown,MN,Minneapolis,42,Mass Transit,Unknown,G27D102N4,Gillig,Unknown,38000 to 40000 lbs,FALSE,FALSE,Unknown,Unknown,ISB 280,2010,CCEXH0540LAR,Unknown,FALSE,Diesel,Unknown,Unknown,141.1692513
406,MN,Minneapolis,Unknown,MN,Minneapolis,42,Mass Transit,Unknown,G27D102N4,Gillig,Unknown,38000 to 40000 lbs,FALSE,FALSE,Unknown,Unknown,ISB 280,2010,CCEXH0540LAR,Unknown,FALSE,Diesel,Unknown,Unknown,114.4543721
407,MN,Minneapolis,Unknown,MN,Minneapolis,42,Mass Transit,Unknown,G27D102N4,Gillig,Unknown,38000 to 40000 lbs,FALSE,FALSE,Unknown,Unknown,ISB 280,2010,CCEXH0540LAR,Unknown,FALSE,Diesel,Unknown,Unknown,149.2258675
408,MN,Minneapolis,Unknown,MN,Minneapolis,42,Mass Transit,Unknown,G27D102N4,Gillig,Unknown,38000 to 40000 lbs,FALSE,FALSE,Unknown,Unknown,ISB 280,2010,CCEXH0540LAR,Unknown,FALSE,Diesel,Unknown,Unknown,163.655685
409,MN,Minneapolis,Unknown,MN,Minneapolis,42,Mass Transit,Unknown,G27D102N4,Gillig,Unknown,38000 to 40000 lbs,FALSE,FALSE,Unknown,Unknown,ISB 280,2010,CCEXH0540LAR,Unknown,FALSE,Diesel,Unknown,Unknown,127.2267933
410,CO,Denver,Unknown,CO,Denver,42,Mass Transit,Unknown,Unknown,Gm,Unknown,16000 to 18000 lbs,FALSE,FALSE,Unknown,Unknown,Unknown,2008,Unknown,Unknown,FALSE,Diesel,Unknown,Unknown,109.1223156
411,CO,Denver,Unknown,CO,Denver,42,Mass Transit,Unknown,Unknown,Gm,Unknown,16000 to 18000 lbs,FALSE,FALSE,Unknown,Unknown,Unknown,2008,Unknown,Unknown,FALSE,Diesel,Unknown,Unknown,92.55328637
412,CO,Denver,Unknown,CO,Denver,42,Mass Transit,Unknown,Unknown,Gm,Unknown,16000 to 18000 lbs,FALSE,FALSE,Unknown,Unknown,Unknown,2008,Unknown,Unknown,FALSE,Diesel,Unknown,Unknown,107.8230543
413,CO,Denver,Unknown,CO,Denver,42,Mass Transit,Unknown,Unknown,Gm,Unknown,16000 to 18000 lbs,FALSE,FALSE,Unknown,Unknown,Unknown,2008,Unknown,Unknown,FALSE,Diesel,Unknown,Unknown,94.25770468
414,TN,Knoxville,Unknown,TN,Knoxville,42,Mass Transit,Unknown,LF34,Optima,Unknown,30000 to 32000 lbs,FALSE,FALSE,Unknown,Unknown,CUMMINS,Unknown,ISB-02,Unknown,FALSE,Diesel,Unknown,Unknown,43.31002145
415,TN,Knoxville,Unknown,TN,Knoxville,42,Mass Transit,Unknown,LF34,Optima,Unknown,30000 to 32000 lbs,FALSE,FALSE,Unknown,Unknown,CUMMINS,Unknown,ISB-02,Unknown,FALSE,Diesel,Unknown,Unknown,30.03942037
416,TN,Knoxville,Unknown,TN,Knoxville,42,Mass Transit,Unknown,LF34,Optima,Unknown,30000 to 32000 lbs,FALSE,FALSE,Unknown,Unknown,CUMMINS,Unknown,ISB-03,Unknown,FALSE,Diesel,Unknown,Unknown,45.47648278
