VehicleID,DepotState,DeportCity,DepotZipcode,GPSState,GPSCity,SourceTypeID,Vocation,VINstem,Model,Manufacturer,ModelYear,GVWR,Combination,SleeperCab,Axles,Wheels,EngineManufacturer,EngineModelYear,Engine,AuxiliaryPower Unit,HybridElectric,Fuel,Odometer,Age,MilesDrivenPerOperationDay
417, OH,Grove City,Unknown,OH,Grove City,62,Long Haul,3AKJGLBG0,Cascadia,Freightliner,2012,52000,TRUE,TRUE,Unknown,Unknown,Cummins,Unknown,ISX-15,Unknown,FALSE,Diesel,Unknown,5,345.2232941
418, CO,Loveland,Unknown,CO,Loveland,62,Long Haul,1XPBD49X9,579 sleeper,Peterbilt,2014,53200,TRUE,TRUE,Unknown,Unknown,Cummins,Unknown,ISX-15,Unknown,FALSE,Diesel,Unknown,3,396.7374118
419, OH,Grove City,Unknown,OH,Grove City,62,Long Haul,3AKJGLBG7,Cascadia,Freightliner,2012,52000,TRUE,TRUE,Unknown,Unknown,Cummins,Unknown,ISX-15,Unknown,FALSE,Diesel,Unknown,5,287.7641808
420, CO,Loveland,Unknown,CO,Loveland,62,Long Haul,1XP-BD49X,579 sleeper,Peterbilt,2015,53200,TRUE,TRUE,Unknown,Unknown,Cummins,Unknown,ISX-15,Unknown,FALSE,Diesel,Unknown,2,415.3376179
421, CO,Loveland,Unknown,ND,Bowman,62,Long Haul,1XPBD49X8,579 sleeper,Peterbilt,2014,53200,TRUE,TRUE,Unknown,Unknown,Cummins,Unknown,ISX-15,Unknown,FALSE,Diesel,Unknown,3,346.8331593
422, CO,Loveland,Unknown,CO,Loveland,62,Long Haul,1XP-BD49X,579 sleeper,Peterbilt,2015,53200,TRUE,TRUE,Unknown,Unknown,Cummins,Unknown,ISX-15,Unknown,FALSE,Diesel,Unknown,2,226.3531635
423, OH,Grove City,Unknown,OH,Grove City,62,Long Haul,3AKJGLD56,Cascadia,Freightliner,2014,52000,TRUE,TRUE,Unknown,Unknown,Detroit,Unknown,DD15,Unknown,FALSE,Diesel,Unknown,3,350.1516267
424, OH,Grove City,Unknown,OH,Columbus,62,Long Haul,3AKJGLD56,Cascadia,Freightliner,2014,52000,TRUE,TRUE,Unknown,Unknown,Detroit,Unknown,DD15,Unknown,FALSE,Diesel,Unknown,3,272.6511854
425, CO,Loveland,Unknown,CO,Loveland,62,Long Haul,1XP-BD49X,579 sleeper,Peterbilt,2015,53200,TRUE,TRUE,Unknown,Unknown,Cummins,Unknown,ISX-15,Unknown,FALSE,Diesel,Unknown,2,345.8479367
426, CO,Loveland,Unknown,CO,Loveland,62,Long Haul,1XP-BD49X,579 sleeper,Peterbilt,2015,53200,TRUE,TRUE,Unknown,Unknown,Cummins,Unknown,ISX-15,Unknown,FALSE,Diesel,Unknown,2,448.4624832
427, OH,Grove City,Unknown,OH,Grove City,62,Long Haul,3AKJGLD59,Cascadia,Freightliner,2014,52000,TRUE,TRUE,Unknown,Unknown,Detroit,Unknown,DD15,Unknown,FALSE,Diesel,Unknown,3,470.5805284
428, CO,Loveland,Unknown,CO,Loveland,62,Long Haul,1XP-BD49X,579 sleeper,Peterbilt,2016,53200,TRUE,TRUE,Unknown,Unknown,Cummins,Unknown,ISX-15,Unknown,FALSE,Diesel,Unknown,1,465.8189805
429, OH,Grove City,Unknown,OH,Grove City,62,Long Haul,3AKJGLD5X,Cascadia,Freightliner,2014,52000,TRUE,TRUE,Unknown,Unknown,Detroit,Unknown,DD15,Unknown,FALSE,Diesel,Unknown,3,425.8445879
430, OH,Grove City,Unknown,OH,Grove City,62,Long Haul,3AKJGLD58,Cascadia,Freightliner,2015,52000,TRUE,TRUE,Unknown,Unknown,Detroit,Unknown,DD15,Unknown,FALSE,Diesel,Unknown,2,425.7117723
431, CO,Loveland,Unknown,CO,Loveland,62,Long Haul,1XP-BD49X,579 sleeper,Peterbilt,2016,53200,TRUE,TRUE,Unknown,Unknown,Cummins,Unknown,ISX-15,Unknown,FALSE,Diesel,Unknown,1,445.472551
432, OH,Grove City,Unknown,OH,Grove City,62,Long Haul,3AKJGLBG0,Cascadia,Freightliner,2015,52000,TRUE,TRUE,Unknown,Unknown,Cummins,Unknown,ISX-15,Unknown,FALSE,Diesel,Unknown,2,346.8260522
433, TX,Sanger,Unknown,TX,Sanger,62,Long Haul,1XPD49X9G,579 sleeper,Peterbilt,2015,53200,TRUE,TRUE,Unknown,Unknown,Cummins,Unknown,ISX-15,Unknown,FALSE,Diesel,Unknown,2,415.8276858
434, TX,Sanger,Unknown,TX,Sanger,62,Long Haul,1XPBD49X6,579 sleeper,Peterbilt,2014,53200,TRUE,TRUE,Unknown,Unknown,Cummins,Unknown,ISX-15,Unknown,FALSE,Diesel,Unknown,3,272.5502137
435, OH,Grove City,Unknown,OH,Grove City,62,Long Haul,3AKJGLBG9,Cascadia,Freightliner,2015,52000,TRUE,TRUE,Unknown,Unknown,Cummins,Unknown,ISX-15,Unknown,FALSE,Diesel,Unknown,2,353.4146623
436, TX,Sanger,Unknown,TX,Sanger,62,Long Haul,1XPBD49X9,579 sleeper,Peterbilt,2014,53200,TRUE,TRUE,Unknown,Unknown,Cummins,Unknown,ISX-15,Unknown,FALSE,Diesel,Unknown,3,359.8141304
437, TX,Sanger,Unknown,TX,Sanger,62,Long Haul,1XPBD49X4,579 sleeper,Peterbilt,2014,53200,TRUE,TRUE,Unknown,Unknown,Cummins,Unknown,ISX-15,Unknown,FALSE,Diesel,Unknown,3,401.9496988
438, OH,Grove City,Unknown,OH,Grove City,62,Long Haul,3AKJGLBG3,Cascadia,Freightliner,2015,52000,TRUE,TRUE,Unknown,Unknown,Cummins,Unknown,ISX-15,Unknown,FALSE,Diesel,Unknown,2,352.0738517
439, TX,Sanger,Unknown,TX,Sanger,62,Long Haul,1XPBD49X6,579 sleeper,Peterbilt,2014,53200,TRUE,TRUE,Unknown,Unknown,Cummins,Unknown,ISX-15,Unknown,FALSE,Diesel,Unknown,3,398.4953095
440, OH,Grove City,Unknown,OH,Grove City,62,Long Haul,3AKJGLBG6,Cascadia,Freightliner,2015,52000,TRUE,TRUE,Unknown,Unknown,Cummins,Unknown,ISX-15,Unknown,FALSE,Diesel,Unknown,2,249.0831446
441, TX,Sanger,Unknown,TX,Sanger,62,Long Haul,1XP-BD49X,579 sleeper,Peterbilt,2015,53200,TRUE,TRUE,Unknown,Unknown,Cummins,Unknown,ISX-15,Unknown,FALSE,Diesel,Unknown,2,391.0030564
442, OH,Grove City,Unknown,OH,Grove City,62,Long Haul,3AKJGLD56,Cascadia,Freightliner,2015,52000,TRUE,TRUE,Unknown,Unknown,Detroit,Unknown,DD15,Unknown,FALSE,Diesel,Unknown,2,401.1662952
443, OH,Grove City,Unknown,OH,Grove City,62,Long Haul,3AKJGLD55,Cascadia,Freightliner,2015,52000,TRUE,TRUE,Unknown,Unknown,Detroit,Unknown,DD15,Unknown,FALSE,Diesel,Unknown,2,199.2842107
444, TX,Sanger,Unknown,TX,Sanger,62,Long Haul,1XPBD49X0,579 sleeper,Peterbilt,2015,53200,TRUE,TRUE,Unknown,Unknown,Cummins,Unknown,ISX-15,Unknown,FALSE,Diesel,Unknown,2,405.5335748
445, OH,Grove City,Unknown,OH,Grove City,62,Long Haul,3AKJGLD59,Cascadia,Freightliner,2015,52000,TRUE,TRUE,Unknown,Unknown,Detroit,Unknown,DD15,Unknown,FALSE,Diesel,Unknown,2,434.29893
446, TX,Sanger,Unknown,TX,Sanger,62,Long Haul,1XPBD49X7,579 sleeper,Peterbilt,2016,53200,TRUE,TRUE,Unknown,Unknown,Cummins,Unknown,ISX-15,Unknown,FALSE,Diesel,Unknown,1,367.477794
447, OH,Grove City,Unknown,OH,Grove City,62,Long Haul,3AKJGLBG4,Cascadia,Freightliner,2015,52000,TRUE,TRUE,Unknown,Unknown,Cummins,Unknown,ISX-15,Unknown,FALSE,Diesel,Unknown,2,369.5337563
448, TX,Sanger,Unknown,TX,Sanger,62,Long Haul,1XPBD49X0,579 sleeper,Peterbilt,2015,53200,TRUE,TRUE,Unknown,Unknown,Cummins,Unknown,ISX-15,Unknown,FALSE,Diesel,Unknown,2,385.902676
449, OH,Grove City,Unknown,OH,Grove City,62,Long Haul,3AKJGLDR9,Cascadia,Freightliner,2016,52500,TRUE,TRUE,Unknown,Unknown,Detroit,Unknown,DD15,Unknown,FALSE,Diesel,Unknown,1,372.0104009
450, TX,Sanger,Unknown,TX,Sanger,62,Long Haul,1XPBD49X7,579 sleeper,Peterbilt,2015,53200,TRUE,TRUE,Unknown,Unknown,Cummins,Unknown,ISX-15,Unknown,FALSE,Diesel,Unknown,2,430.2642923
451, TX,Sanger,Unknown,TX,Sanger,62,Long Haul,1XPBD49X5,579 sleeper,Peterbilt,2015,53200,TRUE,TRUE,Unknown,Unknown,Cummins,Unknown,ISX-15,Unknown,FALSE,Diesel,Unknown,2,419.5728764
452, OH,Grove City,Unknown,OH,Grove City,62,Long Haul,3AKJGLDR2,Cascadia,Freightliner,2016,52500,TRUE,TRUE,Unknown,Unknown,Detroit,Unknown,DD15,Unknown,FALSE,Diesel,Unknown,1,427.9488028
453, TX,Sanger,Unknown,TX,Sanger,62,Long Haul,1XPBD49X8,579 sleeper,Peterbilt,Unknown,53200,TRUE,TRUE,Unknown,Unknown,Cummins,Unknown,ISX-15,Unknown,FALSE,Diesel,Unknown,Unknown,355.0166185
454, OH,Grove City,Unknown,OH,Grove City,62,Long Haul,3AKJGLDR8,Cascadia,Freightliner,2016,52500,TRUE,TRUE,Unknown,Unknown,Detroit,Unknown,DD15,Unknown,FALSE,Diesel,Unknown,1,445.9250735
455, TX,Sanger,Unknown,TX,Sanger,62,Long Haul,1XPBD49X2,579 sleeper,Peterbilt,2015,53200,TRUE,TRUE,Unknown,Unknown,Cummins,Unknown,ISX-15,Unknown,FALSE,Diesel,Unknown,2,371.9479718
456, OH,Grove City,Unknown,OH,Grove City,62,Long Haul,3AKJGLDR5,Cascadia,Freightliner,2016,52500,TRUE,TRUE,Unknown,Unknown,Detroit,Unknown,DD15,Unknown,FALSE,Diesel,Unknown,1,280.5537048
457, TX,Sanger,Unknown,TX,Sanger,62,Long Haul,1XPBD49X7,579 sleeper,Peterbilt,2014,53200,TRUE,TRUE,Unknown,Unknown,Cummins,Unknown,ISX-15,Unknown,FALSE,Diesel,Unknown,3,328.6317098
458, TX,Sanger,Unknown,TX,Sanger,62,Long Haul,1XPBD49XX,579 sleeper,Peterbilt,2015,53200,TRUE,TRUE,Unknown,Unknown,Cummins,Unknown,ISX-15,Unknown,FALSE,Diesel,Unknown,2,346.1476593
459, OH,Grove City,Unknown,OH,Grove City,62,Long Haul,3AKJGLDR3,Cascadia,Freightliner,2016,52500,TRUE,TRUE,Unknown,Unknown,Detroit,Unknown,DD15,Unknown,FALSE,Diesel,Unknown,1,442.0482169
460, TX,Sanger,Unknown,TX,Sanger,62,Long Haul,1XPBD49X2,579 sleeper,Peterbilt,2014,53200,TRUE,TRUE,Unknown,Unknown,Cummins,Unknown,ISX-15,Unknown,FALSE,Diesel,Unknown,3,376.0294583
461, TX,Sanger,Unknown,TX,Sanger,62,Long Haul,1XPBD49X1,579 sleeper,Peterbilt,2015,53200,TRUE,TRUE,Unknown,Unknown,Cummins,Unknown,ISX-15,Unknown,FALSE,Diesel,Unknown,2,435.3688612
462, OH,Grove City,Unknown,OH,Grove City,62,Long Haul,3AKJGLDR5,Cascadia,Freightliner,2016,52500,TRUE,TRUE,Unknown,Unknown,Detroit,Unknown,DD15,Unknown,FALSE,Diesel,Unknown,1,421.2805326
463, TX,Sanger,Unknown,TX,Sanger,62,Long Haul,1XPBD49X3,579 sleeper,Peterbilt,2015,53200,TRUE,TRUE,Unknown,Unknown,Cummins,Unknown,ISX-15,Unknown,FALSE,Diesel,Unknown,2,274.8021539
464, OH,Grove City,Unknown,OH,Grove City,62,Long Haul,3AKJGLDR5,Cascadia,Freightliner,2016,52500,TRUE,TRUE,Unknown,Unknown,Detroit,Unknown,DD15,Unknown,FALSE,Diesel,Unknown,1,389.6493337
465, TX,Sanger,Unknown,TX,Sanger,62,Long Haul,1XPBD49X5,579 sleeper,Peterbilt,2015,53200,TRUE,TRUE,Unknown,Unknown,Cummins,Unknown,ISX-15,Unknown,FALSE,Diesel,Unknown,2,316.6570897
466, TX,Sanger,Unknown,TX,Sanger,62,Long Haul,1XPBD49X1,579 sleeper,Peterbilt,2015,53200,TRUE,TRUE,Unknown,Unknown,Cummins,Unknown,ISX-15,Unknown,FALSE,Diesel,Unknown,2,496.8313516
467, TX,Sanger,Unknown,TX,Sanger,62,Long Haul,1XPBD49X7,579 sleeper,Peterbilt,2015,53200,TRUE,TRUE,Unknown,Unknown,Cummins,Unknown,ISX-15,Unknown,FALSE,Diesel,Unknown,2,439.7416082
468, OH,Grove City,Unknown,OH,Grove City,62,Long Haul,3AKJGLDR1,Cascadia,Freightliner,2016,52500,TRUE,TRUE,Unknown,Unknown,Detroit,Unknown,DD15,Unknown,FALSE,Diesel,Unknown,1,378.6858394
469, TX,Sanger,Unknown,TX,Sanger,62,Long Haul,1XP-BD49X,579 sleeper,Peterbilt,2015,53200,TRUE,TRUE,Unknown,Unknown,Cummins,Unknown,ISX-15,Unknown,FALSE,Diesel,Unknown,2,351.5560178
470,CO,Denver,Unknown,CO,Commerce City,62,Long Haul,4V4NC9EH5,Unknown,Volvo,Unknown,Unknown,TRUE,TRUE,Unknown,Unknown,Unknown,Unknown,Unknown,Unknown,FALSE,Diesel,Unknown,Unknown,760.9732781
471,CO,Denver,Unknown,CO,Commerce City,62,Long Haul,1FUJGHDV7,Unknown,Freightliner,Unknown,Unknown,TRUE,TRUE,Unknown,Unknown,Unknown,Unknown,Unknown,Unknown,FALSE,Diesel,Unknown,Unknown,794.9807369
472,CA,LA,Unknown,CA,Pico Rivera,62,Long Haul,4V4NC9EH3,Unknown,Volvo,Unknown,Unknown,TRUE,TRUE,Unknown,Unknown,Unknown,Unknown,Unknown,Unknown,FALSE,Diesel,Unknown,Unknown,822.1035849
473,CO,Denver,Unknown,CO,Commerce City,62,Long Haul,4V4NC9EH5,Unknown,Volvo,Unknown,Unknown,TRUE,TRUE,Unknown,Unknown,Unknown,Unknown,Unknown,Unknown,FALSE,Diesel,Unknown,Unknown,765.7053112
474,CA,LA,Unknown,CA,Pico Rivera,62,Long Haul,4V4NC9EH7,Unknown,Volvo,Unknown,Unknown,TRUE,TRUE,Unknown,Unknown,Unknown,Unknown,Unknown,Unknown,FALSE,Diesel,Unknown,Unknown,721.0174392
475,MT,Billings,Unknown,MT,Glendive,62,Long Haul,1FUJGBDV9,Unknown,Freightliner,Unknown,Unknown,TRUE,FALSE,Unknown,Unknown,Unknown,Unknown,Unknown,Unknown,FALSE,Diesel,Unknown,Unknown,631.5451641
476,IL,Chicago,Unknown,IL,Palatine,62,Long Haul,4V4NC9EH4,Unknown,Volvo,Unknown,Unknown,TRUE,TRUE,Unknown,Unknown,Unknown,Unknown,Unknown,Unknown,FALSE,Diesel,Unknown,Unknown,733.6047144
477,MT,Billings,Unknown,MT,Glendive,62,Long Haul,1FUJGBDV2,Unknown,Freightliner,Unknown,Unknown,TRUE,FALSE,Unknown,Unknown,Unknown,Unknown,Unknown,Unknown,FALSE,Diesel,Unknown,Unknown,689.6397864
478,CO,Denver,Unknown,CO,Commerce City,62,Long Haul,1FUJGHDV9,Unknown,Freightliner,Unknown,Unknown,TRUE,TRUE,Unknown,Unknown,Unknown,Unknown,Unknown,Unknown,FALSE,Diesel,Unknown,Unknown,795.1311293
479,MT,Billings,Unknown,MT,Billings,62,Long Haul,3HCDJAPRX,Unknown,International,Unknown,Unknown,TRUE,FALSE,Unknown,Unknown,Unknown,Unknown,Unknown,Unknown,FALSE,Diesel,Unknown,Unknown,408.6850759
480,CO,Denver,Unknown,CO,Commerce City,62,Long Haul,4V4NC9EH0,Unknown,Volvo,Unknown,Unknown,TRUE,TRUE,Unknown,Unknown,Unknown,Unknown,Unknown,Unknown,FALSE,Diesel,Unknown,Unknown,742.9216288
