VehicleID,DepotState,DeportCity,DepotZipcode,GPSState,GPSCity,SourceTypeID,Vocation,VINstem,Model,Manufacturer,ModelYear,GVWR,Combination,SleeperCab,Axles,Wheels,EngineManufacturer,EngineModelYear,Engine,AuxiliaryPower Unit,HybridElectric,Fuel,Odometer,Age,MilesDrivenPerOperationDay
1000, CA,So Cal,Unknown,CA,San Diego,52,Construction,\N,F750 4X2,Ford,2012,33000,FALSE,FALSE,Unknown,Unknown,Cummins,Unknown,ISB6.7 240,Unknown,FALSE,Diesel,\N,2,116.509708
1001, CA,Los Angeles,Unknown,CA,Temple City,52,Beverage Delivery,1XPVD79X8,\N,Peterbilt,2011,52000,FALSE,FALSE,Unknown,Unknown,Cummins,2011,ISX11.9 370,Unknown,FALSE,Diesel,25865,4,25.76779649
1002, CA,Manteca,Unknown,CA,Manteca,51,Refuse,\N,PB 320,Peterbilt,2010,66000,FALSE,FALSE,Unknown,Unknown,Cummins,Unknown,ISL,Unknown,FALSE,Diesel,\N,6,18.56901922
1003, CA,Manteca,Unknown,CA,Manteca,51,Refuse,\N,ACX Xpeditor,Autocar,2012,66000,FALSE,FALSE,Unknown,Unknown,Cummins,2010,ISL,Unknown,FALSE,Diesel,\N,4,39.64382189
1004, CA,Manteca,Unknown,CA,Manteca,51,Refuse,\N,ACX Xpeditor,Autocar,2014,62000,FALSE,FALSE,Unknown,Unknown,Cummins,2013,ISL9 345,Unknown,FALSE,Diesel,\N,1,47.37257256
1005, CA,Diamond Springs,Unknown,CA,Folsom,52,Towing,\N,M2,Freightliner,2014,33000,FALSE,FALSE,Unknown,Unknown,Cummins,2014,ISB6.7 260,Unknown,FALSE,Diesel,\N,2,153.9731296
1006, CA,Diamond Springs,Unknown,CA,Rocklin,52,Towing,\N,F650 4x2,Ford,2013,26000,FALSE,FALSE,Unknown,Unknown,Cummins,2013,ISB6.7 280,Unknown,FALSE,Diesel,\N,3,200.3767791
1007, CA,Diamond Springs,Unknown,CA,Auburn,52,Towing,\N,F650 4x2,Ford,2014,26000,FALSE,FALSE,Unknown,Unknown,Cummins,2014,ISB6.7 280,Unknown,FALSE,Diesel,\N,2,216.9064205
1008, CA,Stockton,Unknown,CA,Stockton,40,Urban Diesel Hybrid Bus,\N,G30D102N4,Gillig,2013,39600,FALSE,FALSE,Unknown,Unknown,\N,Unknown,\N,Unknown,TRUE,Diesel,\N,3,17.15839385
1009, CA,Stockton,Unknown,CA,Stockton,40,Urban Diesel Hybrid Bus,\N,G30D102N4,Gillig,2012,39600,FALSE,FALSE,Unknown,Unknown,\N,Unknown,\N,Unknown,TRUE,Diesel,\N,4,95.82490507
1010, CA,Stockton,Unknown,CA,Stockton,40,Urban Diesel Hybrid Bus,\N,G30D102N4,Gillig,2013,39600,FALSE,FALSE,Unknown,Unknown,\N,Unknown,\N,Unknown,TRUE,Diesel,\N,3,91.74794771
1011, CA,Nor Cal,Unknown,CA,Folsom,61,Cement Mixers,\N,W900,Kenworth,2015,60000,FALSE,FALSE,Unknown,Unknown,Cummins,Unknown,ISL9 370,Unknown,FALSE,Diesel,\N,1,90.87981133
1012, CA,Nor Cal,Unknown,CA,Davis,61,Cement Mixers,\N,W900,Kenworth,2015,60000,FALSE,FALSE,Unknown,Unknown,Cummins,Unknown,ISL9 370,Unknown,FALSE,Diesel,\N,1,93.52157596
1013, CA,Nor Cal,Unknown,CA,Sacramento,61,Cement Mixers,\N,W900,Kenworth,2015,60000,FALSE,FALSE,Unknown,Unknown,Cummins,Unknown,ISL9 370,Unknown,FALSE,Diesel,\N,1,85.08380626
1014, CA,Ontario,Unknown,CA,Ontario,61,Line Haul,3AKJGEDV0,PX125064S T,Freightliner,2015,53220,FALSE,FALSE,Unknown,Unknown,Detroit Diesel,2015,DD13,Unknown,FALSE,Diesel,50869,1,405.5278666
1015, CA,Ontario,Unknown,CA,Ontario,61,Line Haul,3AKJGLD57,PX125064S T,Freightliner,2015,52000,FALSE,FALSE,Unknown,Unknown,Detroit Diesel,2015,DD15AT,Unknown,FALSE,Diesel,60492,1,501.9260975
1016, CA,Ontario,Unknown,CA,Ontario,61,Line Haul,3AKJGLD54,PX125064S T,Freightliner,2015,52000,FALSE,FALSE,Unknown,Unknown,Detroit Diesel,2015,DD15AT,Unknown,FALSE,Diesel,72731,1,469.782655
1017, CA,Los Angeles,Unknown,CA,Los Angeles,52,Beverage Delivery,2XP2AJ7X4,PB337,Peterbilt,2013,33000,FALSE,FALSE,Unknown,Unknown,Paccar,2013,PX-9,Unknown,FALSE,Diesel,6424,2,8.565877808
1018, CA,Los Angeles,Unknown,CA,Los Angeles,52,Beverage Delivery,2XP2AN7X8,PB337,Peterbilt,2012,33000,FALSE,FALSE,Unknown,Unknown,Paccar,2012,PX-8,Unknown,FALSE,Diesel,17459,3,32.49825016
1019, CA,Los Angeles,Unknown,CA,Los Angeles,52,Beverage Delivery,2NP2HJ7X8,PB337,Peterbilt,2013,33000,FALSE,FALSE,Unknown,Unknown,Paccar,2013,PX-9,Unknown,FALSE,Diesel,8129,2,20.15439153
1020, CA,Los Angeles,Unknown,CA,Inglewood,52,Beverage Delivery,\N,PB337,Peterbilt,2012,33000,FALSE,FALSE,Unknown,Unknown,Paccar,2012,PX-8,Unknown,FALSE,Diesel,15877,3,13.14079253
1021, NV,Sparks,Unknown,NV,Sparks,61,Line Haul,\N,\N,Kenworth,\N,\N,FALSE,FALSE,Unknown,Unknown,Cummins,2012,ISX15 450,Unknown,FALSE,Diesel,\N,Unknown,243.4189601
1022, NV,Sparks,Unknown,CA,Emigrant Gap,61,Line Haul,1XKAD49X3,T660,Kenworth,2013,53200,FALSE,FALSE,Unknown,Unknown,Cummins,2013,ISX15 450,Unknown,FALSE,Diesel,\N,2,325.3423773
1023, NV,Sparks,Unknown,CA,Oakland,61,Line Haul,1XKAD49X5,\N,Kenworth,2014,53200,FALSE,FALSE,Unknown,Unknown,Cummins,2014,ISX15 450,Unknown,FALSE,Diesel,\N,1,355.6465764
1024, CA,Manteca,Unknown,CA,Manteca,51,Refuse,5VCACR8G1,\N,Autocar,2012,66000,FALSE,FALSE,Unknown,Unknown,Cummins,Unknown,\N,Unknown,FALSE,Diesel,\N,3,54.03536739
1025, CA,Manteca,Unknown,CA,Manteca,51,Refuse,5VCACL8F5,\N,Autocar,2011,\N,FALSE,FALSE,Unknown,Unknown,Cummins,Unknown,\N,Unknown,FALSE,Diesel,\N,4,49.61512293
1026, CA,Manteca,Unknown,CA,Manteca,51,Refuse,1NKBLJ0XX,T4,Kenworth,2013,58180,FALSE,FALSE,Unknown,Unknown,\N,Unknown,\N,Unknown,FALSE,Diesel,27315,2,132.5302527
1027, CA,So Cal,Unknown,CA,Escondido,52,Public - Freeway Work,\N,F650 4X2,Ford,2014,26000,FALSE,FALSE,Unknown,Unknown,Cummins,2012,ISB6.7 260,Unknown,FALSE,Diesel,\N,1,28.52303239
1028, CA,Santee,Unknown,Unknown,Unknown,52,Public - Freeway Work,\N,F650 4x2,Ford,2012,\N,FALSE,FALSE,Unknown,Unknown,Cummins,2012,ISB6.7 260,Unknown,FALSE,Diesel,\N,3,41.08016687
1029, CA,Santee,Unknown,Unknown,Unknown,52,Public - Freeway Work,\N,F650 4X2,Ford,2012,\N,FALSE,FALSE,Unknown,Unknown,Cummins,2012,ISB6.7 260,Unknown,FALSE,Diesel,\N,3,48.98180404
1030, CA,So Cal,Unknown,CA,Fallbrook,52,Public - Freeway Work,\N,F650 4X2,Ford,2013,26000,FALSE,FALSE,Unknown,Unknown,Cummins,2012,ISB6.7 260,Unknown,FALSE,Diesel,10883,2,46.99505303
1031, CA,So Cal,Unknown,CA,Joshua Tree,52,Street Sweeper,1G9GM4HH6,M4,Global,2013,27000,FALSE,FALSE,Unknown,Unknown,Cummins,2012,ISB6.7 280,Unknown,FALSE,Diesel,12507,2,29.70351416
1032, CA,So Cal,Unknown,CA,Pine Valley,52,Street Sweeper,1G9GM4HH2,M4,Global,2013,27000,FALSE,FALSE,Unknown,Unknown,Cummins,2012,ISB6.7 280,Unknown,FALSE,Diesel,\N,2,36.06508354
1033, CA,Santee,Unknown,Unknown,Unknown,52,Street Sweeper,\N,M4,Global,2013,\N,FALSE,FALSE,Unknown,Unknown,Cummins,2013,ISB6.7 280,Unknown,FALSE,Diesel,\N,2,38.17774178
1034, CA,Santee,Unknown,Unknown,Unknown,52,Street Sweeper,\N,M4,Global,2013,\N,FALSE,FALSE,Unknown,Unknown,Cummins,2012,ISB6.7 280,Unknown,FALSE,Diesel,\N,2,47.99041495
1035, CA,Santee,Unknown,Unknown,Unknown,52,Street Sweeper,\N,M4,Global,2013,\N,FALSE,FALSE,Unknown,Unknown,Cummins,2012,ISB6.7 280,Unknown,FALSE,Diesel,\N,2,29.40487867
1036, CA,Riverside,Unknown,CA,Barstow,52,Towing,1XPXP40X3,\N,Peterbilt,2012,64600,FALSE,FALSE,Unknown,Unknown,Cummins,2012,ISX15 550,Unknown,FALSE,Diesel,100901,4,153.8763652
1037, CA,Riverside,Unknown,CA,Irvine,52,Towing,1XPXD49X2,\N,Peterbilt,2014,52000,FALSE,FALSE,Unknown,Unknown,Cummins,2014,ISX15 525,Unknown,FALSE,Diesel,55335,2,144.8458537
1038, CA,Riverside,Unknown,Unknown,Unknown,52,Towing,1NPWX4EX9,\N,Peterbilt,2014,76000,FALSE,FALSE,Unknown,Unknown,Cummins,2014,ISX15 550,Unknown,FALSE,Diesel,57406,2,3.886547944
1039, CA,Riverside,Unknown,CA,Fontana,52,Towing,2NP2HN7X3,PB337,Peterbilt,2011,33000,FALSE,FALSE,Unknown,Unknown,PACCAR,Unknown,PX-8,Unknown,FALSE,Diesel,168176,5,33.03071295
1040, CA,Upland,Unknown,CA,Anaheim,52,Local Moving,\N,International,Navistar,2013,\N,FALSE,FALSE,Unknown,Unknown,Navistar,2013,A410,Unknown,FALSE,Diesel,\N,3,59.69063096
1041, CA,So Cal,Unknown,CA,Riverside,61,Municipal Work,1FVHC5DV6,MM1120645,Freightliner,2010,54600,FALSE,FALSE,Unknown,Unknown,Detroit Diesel,2010,DD13 12.8,Unknown,FALSE,Diesel,\N,5,152.1389612
1042, CA,Riverside,Unknown,CA,Riverside,61,Food Distribution,3AKJC5DV4,\N,Freightliner,2013,52000,FALSE,FALSE,Unknown,Unknown,Detroit Diesel,2013,DD13,Unknown,FALSE,Diesel,219117,3,197.856143
1043, CA,Riverside,Unknown,CA,El Monte,61,Food Distribution,3AKJC5DV6,\N,Freightliner,2013,52000,FALSE,FALSE,Unknown,Unknown,Detroit Diesel,2013,DD13,Unknown,FALSE,Diesel,233469,2,88.91897304
1044, CA,Riverside,Unknown,CA,Riverside,61,Food Distribution,3AKJC5DV8,\N,Freightliner,2013,52000,FALSE,FALSE,Unknown,Unknown,Detroit Diesel,2013,DD13,Unknown,FALSE,Diesel,230372,3,164.1707762
1045, CA,Riverside,Unknown,CA,Placentia,61,Food Distribution,3AKJC5DVX,\N,Freightliner,2013,52000,FALSE,FALSE,Unknown,Unknown,Detroit Diesel,2013,DD13,Unknown,FALSE,Diesel,223191,3,193.1786851
1046, CA,Riverside,Unknown,CA,Riverside,61,Food Distribution,3AKJC5DV1,\N,Freightliner,2013,52000,FALSE,FALSE,Unknown,Unknown,Detroit Diesel,2013,DD13,Unknown,FALSE,Diesel,234571,3,188.4622524
1047, CA,Sacramento,Unknown,CA,Rancho Cordova,61,Construction,\N,\N,\N,\N,54600,FALSE,FALSE,Unknown,Unknown,Paccar,Unknown,ISL 300,Unknown,FALSE,Diesel,\N,Unknown,3.186715893
1048, CA,Sacramento,Unknown,CA,McClellan Park,61,Construction,\N,\N,\N,\N,54600,FALSE,FALSE,Unknown,Unknown,Paccar,Unknown,ISL 300,Unknown,FALSE,Diesel,\N,Unknown,19.97671247
1049, CA,Oakland,Unknown,CA,Oakland,41,Airport Shuttle,\N,G27D102N4,Gillig,2012,\N,FALSE,FALSE,Unknown,Unknown,Cummins,2012,ISL,Unknown,FALSE,Diesel,\N,4,94.56813058
1050, CA,Oakland,Unknown,CA,Oakland,41,Airport Shuttle,\N,G27D102N4,Gillig,2012,\N,FALSE,FALSE,Unknown,Unknown,Cummins,2012,ISL,Unknown,FALSE,Diesel,\N,4,97.31343143
1051, CA,Oakland,Unknown,CA,Oakland,41,Airport Shuttle,\N,G27D102N4,Gillig,2012,\N,FALSE,FALSE,Unknown,Unknown,Cummins,2012,ISL,Unknown,FALSE,Diesel,\N,4,100.2731236
1052, CA,So Cal,Unknown,CA,Corona,61,Municipal Work,1FVACXDTX,MM106042S,Freightliner,2010,33000,FALSE,FALSE,Unknown,Unknown,Cummins,2010,ISB6.7 240,Unknown,FALSE,Diesel,20680,5,21.8875363
1053, CA,Oakland,Unknown,CA,Oakland,41,Airport Shuttle,\N,G27D102N4,Gillig,2012,\N,FALSE,FALSE,Unknown,Unknown,Cummins,2012,ISL,Unknown,FALSE,Diesel,\N,4,97.99171232
1054, CA,Oakland,Unknown,CA,Oakland,41,Airport Shuttle,\N,G27D102N4,Gillig,2012,\N,FALSE,FALSE,Unknown,Unknown,Cummins,2012,ISL,Unknown,FALSE,Diesel,\N,4,67.38687495
1055, CA,Nor Cal,Unknown,CA,Oakland,52,Public - Freeway Work,\N,F650 4x2,Ford,2012,\N,FALSE,FALSE,Unknown,Unknown,Cummins,2012,ISB6.7 260,Unknown,FALSE,Diesel,\N,3,41.52554558
1056,CA,Sacramento,Unknown,CA,Sacramento,52,Utility truck,1FVHG3DV5,DDTN2VOCV05C,Freightliner,2013,\N,FALSE,FALSE,Unknown,Unknown,Detroit Diesel,2012,DD13,Unknown,FALSE,Diesel,\N,3,31.50092368
1057,CA,Sacramento,Unknown,CA,Sacramento,52,Utility truck,\N,DDTN2VOCV05C,Freightliner,2012,\N,FALSE,FALSE,Unknown,Unknown,Detroit Diesel,2012,DD13,Unknown,FALSE,Diesel,\N,4,9.997940524
1058,CA,Sacramento,Unknown,CA,Sacramento,52,Utility truck,\N,DDTN2VOCV05C,Freightliner,2012,\N,FALSE,FALSE,Unknown,Unknown,Detroit Diesel,2012,DD13,Unknown,FALSE,Diesel,\N,4,21.84253293
1059,CA,Sacramento,Unknown,CA,Rancho Cordova,52,Utility truck,1FVHG3DV3,DDTN2VOCV05C,Freightliner,2013,\N,FALSE,FALSE,Unknown,Unknown,Detroit Diesel,2012,DD13,Unknown,FALSE,Diesel,\N,3,34.16167468
1060,CA,Sacramento,Unknown,CA,Sacramento,52,Utility truck,1FVHG3DV9,DDTN2VOCV05C,Freightliner,2013,\N,FALSE,FALSE,Unknown,Unknown,Detroit Diesel,2012,DD13,Unknown,FALSE,Diesel,\N,3,32.50776684
1061, CA,Stockton,Unknown,CA,Stockton,40,Urban Diesel Hybrid Bus,\N,G30D102N5,Gillig,2013,39600,FALSE,FALSE,Unknown,Unknown,\N,Unknown,\N,Unknown,TRUE,Diesel,\N,3,101.1720204
1062, CA,Stockton,Unknown,CA,Stockton,40,Urban Diesel Hybrid Bus,\N,\N,Nova Bus,2014,57541,FALSE,FALSE,Unknown,Unknown,\N,Unknown,\N,Unknown,TRUE,Diesel,\N,1,18.31179458
1063, CA,Los Angeles,Unknown,CA,Perris,61,Municipal Work,1FVACXDT1,MM106042S,Freightliner,2010,33000,FALSE,FALSE,Unknown,Unknown,Cummins,2010,ISB6.7 240,Unknown,FALSE,Diesel,20089,5,18.78518553
1064, CA,Stockton,Unknown,CA,Stockton,40,Urban Diesel Hybrid Bus,\N,\N,Nova Bus,2014,57541,FALSE,FALSE,Unknown,Unknown,\N,Unknown,\N,Unknown,TRUE,Diesel,\N,1,69.3992538
1065, CA,Ontario,Unknown,CA,Carson,61,Drayage,1M1AW09Y2,CXU613,Mack,2012,52000,FALSE,FALSE,Unknown,Unknown,MACK,2012,MP8-415C,Unknown,FALSE,Diesel,141148,3,88.32116432
1066, CA,Ontario,Unknown,CA,San Pedro,61,Drayage,1M1AW09Y8,CXU613,Mack,2012,52000,FALSE,FALSE,Unknown,Unknown,MACK,2012,MP8-415C,Unknown,FALSE,Diesel,55558,3,52.97254596
1067, CA,Ontario,Unknown,CA,Huntington Beach,61,Drayage,1M1AW09Y1,CXU613,Mack,2012,\N,FALSE,FALSE,Unknown,Unknown,MACK,2012,MP8-415C,Unknown,FALSE,Diesel,39236,3,52.84599896
1068, CA,Ontario,Unknown,CA,Compton,61,Drayage,1M1AW09Y0,CXU613,Mack,2013,52000,FALSE,FALSE,Unknown,Unknown,MACK,2012,MP8-415C,Unknown,FALSE,Diesel,156066,3,41.01866392
1069, CA,Ontario,Unknown,CA,San Pedro,61,Drayage,1FUJGECK1,Freightliner,Mack,2008,\N,FALSE,FALSE,Unknown,Unknown,Detroit Diesel,2008,Series 60,Unknown,FALSE,Diesel,\N,7,0.068348221
1070, CA,Cameron Park,Unknown,CA,Sacramento,61,Construction,\N,\N,Peterbilt,2011,\N,FALSE,FALSE,Unknown,Unknown,Cummins,2011,ISX15 485,Unknown,FALSE,Diesel,\N,5,187.8322731
1071, CA,Cameron Park,Unknown,CA,Sacramento,61,Construction,\N,\N,Peterbilt,2015,53200,FALSE,FALSE,Unknown,Unknown,Cummins,2015,ISX15 550,Unknown,FALSE,Diesel,\N,1,251.9356566
1072, CA,Cameron Park,Unknown,CA,Placerville,61,Construction,\N,\N,Peterbilt,2015,53200,FALSE,FALSE,Unknown,Unknown,Cummins,2015,ISX15 550,Unknown,FALSE,Diesel,\N,1,101.4511215
1073, CA,Nor Cal,Unknown,CA,Clovis,61,Cement Mixers,\N,108SD,Freightliner,2014,\N,FALSE,FALSE,Unknown,Unknown,Cummins,Unknown,ISL9 350,Unknown,FALSE,Diesel,\N,2,45.06500255
1074, CA,Nor Cal,Unknown,CA,Hanford,61,Cement Mixers,\N,108SD,Freightliner,2014,\N,FALSE,FALSE,Unknown,Unknown,Cummins,Unknown,ISL9 350,Unknown,FALSE,Diesel,\N,1,60.86904728
1075, CA,Coalinga,Unknown,CA,Hanford,61,Agricultural,\N,384,Peterbilt,2012,\N,FALSE,FALSE,Unknown,Unknown,Paccar,2010,MX,Unknown,FALSE,Diesel,\N,4,13.68121329
1076, CA,Coalinga,Unknown,CA,Stockton,61,Agricultural,\N,384,Peterbilt,2012,\N,FALSE,FALSE,Unknown,Unknown,Paccar,2010,MX,Unknown,FALSE,Diesel,\N,4,108.1036416
1077, CA,Coalinga,Unknown,CA,Selma,61,Agricultural,\N,388,Peterbilt,2013,\N,FALSE,FALSE,Unknown,Unknown,Paccar,2013,MX,Unknown,FALSE,Diesel,\N,2,430.1115562
1078, CA,Coalinga,Unknown,CA,Coalinga,61,Agricultural,\N,388,Peterbilt,2014,\N,FALSE,FALSE,Unknown,Unknown,Paccar,2014,MX-13,Unknown,FALSE,Diesel,\N,2,6.092116307
1079, CA,Coalinga,Unknown,CA,Coalinga,61,Agricultural,\N,\N,Freightliner,2009,\N,FALSE,FALSE,Unknown,Unknown,Mercedez-Benz (Detroit Diesel),2009,OM 460 LA CID 781,Unknown,FALSE,Diesel,\N,7,10.91765699
1080, CA,Los Angeles,Unknown,CA,Huntington Park,52,Beverage Delivery,2XP2AJ7X2,PB337,Peterbilt,2013,33000,FALSE,FALSE,Unknown,Unknown,Paccar,2003,PX-9,Unknown,FALSE,Diesel,9473,2,27.73495184
1081, CA,Coalinga,Unknown,CA,Hanford,61,Agricultural,\N,\N,Freightliner,2009,\N,FALSE,FALSE,Unknown,Unknown,Mercedez-Benz (Detroit Diesel),2009,OM 460 LA CID 781,Unknown,FALSE,Diesel,\N,7,209.7535853
1082, CA ,Selma,Unknown,CA,Selma,61,Agricultural,\N,T680,Kenworth,2014,\N,FALSE,FALSE,Unknown,Unknown,Paccar,2014,MX-13,Unknown,FALSE,Diesel,\N,2,5.073733467
1083, CA ,Selma,Unknown,CA,Kingsburg,61,Agricultural,\N,T680,Kenworth,2014,\N,FALSE,FALSE,Unknown,Unknown,Paccar,2014,MX-13,Unknown,FALSE,Diesel,\N,2,218.2174405
1084, CA,Riverside,Unknown,CA,Orange,42,Transit Express Buses ,15GGD2710,G27D102N4,Gillig LLC,2014,\N,FALSE,FALSE,Unknown,Unknown,Cummins,2013,ISL G280,Unknown,FALSE,CNG,47356,2,148.9578428
1085, CA,Riverside,Unknown,CA,Orange,42,Transit Express Buses ,15GGD271X,G27D102N5,Gillig LLC,2014,\N,FALSE,FALSE,Unknown,Unknown,Cummins,2013,ISL G280,Unknown,FALSE,CNG,127606,2,93.83026478
1086, CA,Riverside,Unknown,CA,Corona,42,Transit Express Buses ,15GGD2716,G27D102N6,Gillig LLC,2014,\N,FALSE,FALSE,Unknown,Unknown,Cummins,2013,ISL G280,Unknown,FALSE,CNG,134397,2,164.9753357
1087, CA,Riverside,Unknown,CA,Corona,42,Transit Express Buses ,15GGD2714,G27D102N7,Gillig LLC,2014,\N,FALSE,FALSE,Unknown,Unknown,Cummins,2013,ISL G280,Unknown,FALSE,CNG,129107,2,134.6276756
1088, CA,Riverside,Unknown,CA,Corona,42,Transit Express Buses ,15GGD2714,G27D102N8,Gillig LLC,2014,\N,FALSE,FALSE,Unknown,Unknown,Cummins,2013,ISL G280,Unknown,FALSE,CNG,122510,2,167.4987967
1089, NV,Sparks,Unknown,CA,Oakland,61,Drayage,\N,T660,Kenworth,2012,\N,FALSE,FALSE,Unknown,Unknown,Cummins,2012,ISX15 450,Unknown,FALSE,Diesel,\N,4,36.57083802
