source_type,vocation,day,avg_starts_per_day
41.0,Airport Shuttle,2.0,6.9142857142
41.0,Airport Shuttle,5.0,8.458100133
42.0,Transit Express Buses ,2.0,2.4232142856
42.0,Transit Express Buses ,5.0,7.695628289
51.0,Refuse,2.0,0.06623093683333332
51.0,Refuse,5.0,2.972829744
52.0,Beverage Delivery,2.0,0.5208333333333334
52.0,Beverage Delivery,5.0,9.097306107166666
52.0,Construction,2.0,0.23809523800000001
52.0,Construction,5.0,3.0588235289999997
52.0,Local Moving,2.0,2.15625
52.0,Local Moving,5.0,4.24691358
52.0,Public - Freeway Work,2.0,0.19987804879999999
52.0,Public - Freeway Work,5.0,1.9692844454
52.0,Street Sweeper,2.0,0.1516369048
52.0,Street Sweeper,5.0,2.3511490604
52.0,Towing,2.0,2.017857142857143
52.0,Towing,5.0,5.247745810571429
52.0,Utility truck,2.0,2.7834558823999997
52.0,Utility truck,5.0,9.9896736764
61.0,Agricultural,2.0,2.1158653846249997
61.0,Agricultural,5.0,4.096909604
61.0,Cement Mixers,2.0,1.688235294
61.0,Cement Mixers,5.0,2.7318589742
61.0,Construction,2.0,0.265625
61.0,Construction,5.0,7.4945931828
61.0,Drayage,2.0,1.9559098456666666
61.0,Drayage,5.0,9.842574062166667
61.0,Food Distribution,2.0,8.8702991454
61.0,Food Distribution,5.0,10.123586659999999
61.0,Line Haul,2.0,3.0052170056666667
61.0,Line Haul,5.0,14.298216542166669
61.0,Municipal Work,2.0,0.0
61.0,Municipal Work,5.0,8.211934156333333
