vocation,source_type,day,hour,start_fraction_final
Airport Shuttle,41,2,1,0.033691095
Airport Shuttle,41,2,2,0.034378668
Airport Shuttle,41,2,3,0.008938454
Airport Shuttle,41,2,4,0.012376321
Airport Shuttle,41,2,5,0.037816535
Airport Shuttle,41,2,6,0.019939628
Airport Shuttle,41,2,7,0.044004696
Airport Shuttle,41,2,8,0.046067416
Airport Shuttle,41,2,9,0.035753815
Airport Shuttle,41,2,10,0.063944323
Airport Shuttle,41,2,11,0.068757337
Airport Shuttle,41,2,12,0.085259098
Airport Shuttle,41,2,13,0.041941976
Airport Shuttle,41,2,14,0.049505283
Airport Shuttle,41,2,15,0.036441389
Airport Shuttle,41,2,16,0.043317122
Airport Shuttle,41,2,17,0.037816535
Airport Shuttle,41,2,18,0.072195204
Airport Shuttle,41,2,19,0.03875566
Airport Shuttle,41,2,20,0.04499413
Airport Shuttle,41,2,21,0.04086869
Airport Shuttle,41,2,22,0.03459668
Airport Shuttle,41,2,23,0.03463022
Airport Shuttle,41,2,24,0.034009727
Airport Shuttle,41,5,1,0.029029389
Airport Shuttle,41,5,2,0.024177129
Airport Shuttle,41,5,3,0.006672141
Airport Shuttle,41,5,4,0.014272423
Airport Shuttle,41,5,5,0.026931975
Airport Shuttle,41,5,6,0.034156906
Airport Shuttle,41,5,7,0.044994301
Airport Shuttle,41,5,8,0.04825644
Airport Shuttle,41,5,9,0.036013185
Airport Shuttle,41,5,10,0.047316926
Airport Shuttle,41,5,11,0.061370962
Airport Shuttle,41,5,12,0.056828083
Airport Shuttle,41,5,13,0.055192464
Airport Shuttle,41,5,14,0.052571834
Airport Shuttle,41,5,15,0.053252015
Airport Shuttle,41,5,16,0.051584548
Airport Shuttle,41,5,17,0.046743663
Airport Shuttle,41,5,18,0.053763857
Airport Shuttle,41,5,19,0.050776976
Airport Shuttle,41,5,20,0.036302091
Airport Shuttle,41,5,21,0.038829452
Airport Shuttle,41,5,22,0.055831697
Airport Shuttle,41,5,23,0.038369932
Airport Shuttle,41,5,24,0.036761611
Transit Express Buses ,42,2,1,0.084745763
Transit Express Buses ,42,2,2,0.061164333
Transit Express Buses ,42,2,3,0.028739867
Transit Express Buses ,42,2,4,0.011053795
Transit Express Buses ,42,2,5,0.017686072
Transit Express Buses ,42,2,6,0.04519774
Transit Express Buses ,42,2,7,0.005158438
Transit Express Buses ,42,2,8,0.043478261
Transit Express Buses ,42,2,9,0.02210759
Transit Express Buses ,42,2,10,0.040530582
Transit Express Buses ,42,2,11,0.027266028
Transit Express Buses ,42,2,12,0.038319823
Transit Express Buses ,42,2,13,0.016949153
Transit Express Buses ,42,2,14,0.028002948
Transit Express Buses ,42,2,15,0.038319823
Transit Express Buses ,42,2,16,0.055268976
Transit Express Buses ,42,2,17,0.025792189
Transit Express Buses ,42,2,18,0.126504544
Transit Express Buses ,42,2,19,0.031687546
Transit Express Buses ,42,2,20,0.026529108
Transit Express Buses ,42,2,21,0.098010317
Transit Express Buses ,42,2,22,0.058953574
Transit Express Buses ,42,2,23,0.04568902
Transit Express Buses ,42,2,24,0.02284451
Transit Express Buses ,42,5,1,0.019344235
Transit Express Buses ,42,5,2,0.037018041
Transit Express Buses ,42,5,3,0.028942447
Transit Express Buses ,42,5,4,0.094678833
Transit Express Buses ,42,5,5,0.08483109
Transit Express Buses ,42,5,6,0.055842552
Transit Express Buses ,42,5,7,0.050052499
Transit Express Buses ,42,5,8,0.038089062
Transit Express Buses ,42,5,9,0.024704377
Transit Express Buses ,42,5,10,0.015368987
Transit Express Buses ,42,5,11,0.014680959
Transit Express Buses ,42,5,12,0.010205137
Transit Express Buses ,42,5,13,0.031003177
Transit Express Buses ,42,5,14,0.050175221
Transit Express Buses ,42,5,15,0.030929161
Transit Express Buses ,42,5,16,0.074404572
Transit Express Buses ,42,5,17,0.04568806
Transit Express Buses ,42,5,18,0.026437598
Transit Express Buses ,42,5,19,0.029988253
Transit Express Buses ,42,5,20,0.035106028
Transit Express Buses ,42,5,21,0.068664008
Transit Express Buses ,42,5,22,0.041209212
Transit Express Buses ,42,5,23,0.03906833
Transit Express Buses ,42,5,24,0.053568162
Refuse,51,2,1,0
Refuse,51,2,2,0
Refuse,51,2,3,0
Refuse,51,2,4,0
Refuse,51,2,5,0
Refuse,51,2,6,0.176470588
Refuse,51,2,7,0.088235294
Refuse,51,2,8,0
Refuse,51,2,9,0.137254902
Refuse,51,2,10,0.274509804
Refuse,51,2,11,0.049019608
Refuse,51,2,12,0.098039216
Refuse,51,2,13,0
Refuse,51,2,14,0
Refuse,51,2,15,0
Refuse,51,2,16,0
Refuse,51,2,17,0.176470588
Refuse,51,2,18,0
Refuse,51,2,19,0
Refuse,51,2,20,0
Refuse,51,2,21,0
Refuse,51,2,22,0
Refuse,51,2,23,0
Refuse,51,2,24,0
Refuse,51,5,1,0
Refuse,51,5,2,0
Refuse,51,5,3,0
Refuse,51,5,4,0.072872062
Refuse,51,5,5,0.143870037
Refuse,51,5,6,0.068986419
Refuse,51,5,7,0.041037426
Refuse,51,5,8,0.063871415
Refuse,51,5,9,0.0819934
Refuse,51,5,10,0.077126795
Refuse,51,5,11,0.128086582
Refuse,51,5,12,0.152503797
Refuse,51,5,13,0.063948805
Refuse,51,5,14,0.045601445
Refuse,51,5,15,0.019364803
Refuse,51,5,16,0.033253017
Refuse,51,5,17,0.007483997
Refuse,51,5,18,0
Refuse,51,5,19,0
Refuse,51,5,20,0
Refuse,51,5,21,0
Refuse,51,5,22,0
Refuse,51,5,23,0
Refuse,51,5,24,0
Beverage Delivery,52,2,1,0
Beverage Delivery,52,2,2,0
Beverage Delivery,52,2,3,0
Beverage Delivery,52,2,4,0
Beverage Delivery,52,2,5,0
Beverage Delivery,52,2,6,0.186666667
Beverage Delivery,52,2,7,0.173333333
Beverage Delivery,52,2,8,0.133333333
Beverage Delivery,52,2,9,0.12
Beverage Delivery,52,2,10,0.16
Beverage Delivery,52,2,11,0.053333333
Beverage Delivery,52,2,12,0.04
Beverage Delivery,52,2,13,0.04
Beverage Delivery,52,2,14,0.013333333
Beverage Delivery,52,2,15,0
Beverage Delivery,52,2,16,0
Beverage Delivery,52,2,17,0
Beverage Delivery,52,2,18,0
Beverage Delivery,52,2,19,0
Beverage Delivery,52,2,20,0.013333333
Beverage Delivery,52,2,21,0.013333333
Beverage Delivery,52,2,22,0.013333333
Beverage Delivery,52,2,23,0.026666667
Beverage Delivery,52,2,24,0.013333333
Beverage Delivery,52,5,1,0.009917057
Beverage Delivery,52,5,2,0.013566191
Beverage Delivery,52,5,3,0.007813439
Beverage Delivery,52,5,4,0.017773427
Beverage Delivery,52,5,5,0.02884962
Beverage Delivery,52,5,6,0.029751171
Beverage Delivery,52,5,7,0.088373428
Beverage Delivery,52,5,8,0.058600792
Beverage Delivery,52,5,9,0.073948618
Beverage Delivery,52,5,10,0.086248345
Beverage Delivery,52,5,11,0.088597542
Beverage Delivery,52,5,12,0.092142604
Beverage Delivery,52,5,13,0.083907476
Beverage Delivery,52,5,14,0.068849999
Beverage Delivery,52,5,15,0.0700837
Beverage Delivery,52,5,16,0.048447614
Beverage Delivery,52,5,17,0.046580116
Beverage Delivery,52,5,18,0.02884962
Beverage Delivery,52,5,19,0.012922226
Beverage Delivery,52,5,20,0.009316023
Beverage Delivery,52,5,21,0.010518091
Beverage Delivery,52,5,22,0.012020675
Beverage Delivery,52,5,23,0.004507753
Beverage Delivery,52,5,24,0.008414473
Construction,52,2,1,0
Construction,52,2,2,0
Construction,52,2,3,0
Construction,52,2,4,0
Construction,52,2,5,0
Construction,52,2,6,0
Construction,52,2,7,0
Construction,52,2,8,0
Construction,52,2,9,0.396039604
Construction,52,2,10,0
Construction,52,2,11,0
Construction,52,2,12,0
Construction,52,2,13,0
Construction,52,2,14,0
Construction,52,2,15,0.396039604
Construction,52,2,16,0.207920792
Construction,52,2,17,0
Construction,52,2,18,0
Construction,52,2,19,0
Construction,52,2,20,0
Construction,52,2,21,0
Construction,52,2,22,0
Construction,52,2,23,0
Construction,52,2,24,0
Construction,52,5,1,0
Construction,52,5,2,0
Construction,52,5,3,0
Construction,52,5,4,0
Construction,52,5,5,0.118177137
Construction,52,5,6,0
Construction,52,5,7,0
Construction,52,5,8,0.070803296
Construction,52,5,9,0.077239959
Construction,52,5,10,0.077239959
Construction,52,5,11,0.135169928
Construction,52,5,12,0.122296601
Construction,52,5,13,0.109423275
Construction,52,5,14,0.128733265
Construction,52,5,15,0.115859938
Construction,52,5,16,0
Construction,52,5,17,0.032183316
Construction,52,5,18,0.012873326
Construction,52,5,19,0
Construction,52,5,20,0
Construction,52,5,21,0
Construction,52,5,22,0
Construction,52,5,23,0
Construction,52,5,24,0
Local Moving,52,2,1,0
Local Moving,52,2,2,0
Local Moving,52,2,3,0
Local Moving,52,2,4,0
Local Moving,52,2,5,0
Local Moving,52,2,6,0.028985507
Local Moving,52,2,7,0.043478261
Local Moving,52,2,8,0.202898551
Local Moving,52,2,9,0.086956522
Local Moving,52,2,10,0.014492754
Local Moving,52,2,11,0.043478261
Local Moving,52,2,12,0.101449275
Local Moving,52,2,13,0.101449275
Local Moving,52,2,14,0.086956522
Local Moving,52,2,15,0.028985507
Local Moving,52,2,16,0.028985507
Local Moving,52,2,17,0.086956522
Local Moving,52,2,18,0.072463768
Local Moving,52,2,19,0.014492754
Local Moving,52,2,20,0
Local Moving,52,2,21,0.014492754
Local Moving,52,2,22,0
Local Moving,52,2,23,0.014492754
Local Moving,52,2,24,0.028985507
Local Moving,52,5,1,0
Local Moving,52,5,2,0
Local Moving,52,5,3,0
Local Moving,52,5,4,0
Local Moving,52,5,5,0.014561138
Local Moving,52,5,6,0.055332326
Local Moving,52,5,7,0.128138017
Local Moving,52,5,8,0.148523611
Local Moving,52,5,9,0.104840196
Local Moving,52,5,10,0.058981826
Local Moving,52,5,11,0.029490913
Local Moving,52,5,12,0.055332326
Local Moving,52,5,13,0.08736683
Local Moving,52,5,14,0.061156781
Local Moving,52,5,15,0.061156781
Local Moving,52,5,16,0.058244553
Local Moving,52,5,17,0.061156781
Local Moving,52,5,18,0.032034504
Local Moving,52,5,19,0.020385594
Local Moving,52,5,20,0.008736683
Local Moving,52,5,21,0.008736683
Local Moving,52,5,22,0
Local Moving,52,5,23,0
Local Moving,52,5,24,0.005824455
Public - Freeway Work,52,2,1,0
Public - Freeway Work,52,2,2,0.012202563
Public - Freeway Work,52,2,3,0.244661379
Public - Freeway Work,52,2,4,0.085417938
Public - Freeway Work,52,2,5,0.062233069
Public - Freeway Work,52,2,6,0.112263575
Public - Freeway Work,52,2,7,0.149481391
Public - Freeway Work,52,2,8,0.110433191
Public - Freeway Work,52,2,9,0.037217816
Public - Freeway Work,52,2,10,0.098840757
Public - Freeway Work,52,2,11,0.062233069
Public - Freeway Work,52,2,12,0.025015253
Public - Freeway Work,52,2,13,0
Public - Freeway Work,52,2,14,0
Public - Freeway Work,52,2,15,0
Public - Freeway Work,52,2,16,0
Public - Freeway Work,52,2,17,0
Public - Freeway Work,52,2,18,0
Public - Freeway Work,52,2,19,0
Public - Freeway Work,52,2,20,0
Public - Freeway Work,52,2,21,0
Public - Freeway Work,52,2,22,0
Public - Freeway Work,52,2,23,0
Public - Freeway Work,52,2,24,0
Public - Freeway Work,52,5,1,0
Public - Freeway Work,52,5,2,0
Public - Freeway Work,52,5,3,0.004604296
Public - Freeway Work,52,5,4,0.002302148
Public - Freeway Work,52,5,5,0
Public - Freeway Work,52,5,6,0.000993083
Public - Freeway Work,52,5,7,0.081069402
Public - Freeway Work,52,5,8,0.156522152
Public - Freeway Work,52,5,9,0.148440764
Public - Freeway Work,52,5,10,0.115896904
Public - Freeway Work,52,5,11,0.090147303
Public - Freeway Work,52,5,12,0.078698526
Public - Freeway Work,52,5,13,0.092084518
Public - Freeway Work,52,5,14,0.069773366
Public - Freeway Work,52,5,15,0.082318796
Public - Freeway Work,52,5,16,0.059293704
Public - Freeway Work,52,5,17,0.00201626
Public - Freeway Work,52,5,18,0
Public - Freeway Work,52,5,19,0.002302148
Public - Freeway Work,52,5,20,0.004604296
Public - Freeway Work,52,5,21,0.006906444
Public - Freeway Work,52,5,22,0
Public - Freeway Work,52,5,23,0.00202589
Public - Freeway Work,52,5,24,0
Street Sweeper,52,2,1,0
Street Sweeper,52,2,2,0.054955839
Street Sweeper,52,2,3,0.109911678
Street Sweeper,52,2,4,0.036637226
Street Sweeper,52,2,5,0.02060844
Street Sweeper,52,2,6,0.018318613
Street Sweeper,52,2,7,0.057245666
Street Sweeper,52,2,8,0.057245666
Street Sweeper,52,2,9,0.018318613
Street Sweeper,52,2,10,0.018318613
Street Sweeper,52,2,11,0.206738633
Street Sweeper,52,2,12,0.245665685
Street Sweeper,52,2,13,0.02060844
Street Sweeper,52,2,14,0.02060844
Street Sweeper,52,2,15,0.114818449
Street Sweeper,52,2,16,0
Street Sweeper,52,2,17,0
Street Sweeper,52,2,18,0
Street Sweeper,52,2,19,0
Street Sweeper,52,2,20,0
Street Sweeper,52,2,21,0
Street Sweeper,52,2,22,0
Street Sweeper,52,2,23,0
Street Sweeper,52,2,24,0
Street Sweeper,52,5,1,0.000950807
Street Sweeper,52,5,2,0.000475403
Street Sweeper,52,5,3,0.007773487
Street Sweeper,52,5,4,0.000833133
Street Sweeper,52,5,5,0.002202229
Street Sweeper,52,5,6,0.003107359
Street Sweeper,52,5,7,0.020506577
Street Sweeper,52,5,8,0.156548831
Street Sweeper,52,5,9,0.161292314
Street Sweeper,52,5,10,0.077714068
Street Sweeper,52,5,11,0.082253945
Street Sweeper,52,5,12,0.079529852
Street Sweeper,52,5,13,0.091060973
Street Sweeper,52,5,14,0.10794299
Street Sweeper,52,5,15,0.111942253
Street Sweeper,52,5,16,0.067579815
Street Sweeper,52,5,17,0.011607858
Street Sweeper,52,5,18,0
Street Sweeper,52,5,19,0.002214379
Street Sweeper,52,5,20,0.005500686
Street Sweeper,52,5,21,0.002214379
Street Sweeper,52,5,22,0.002214379
Street Sweeper,52,5,23,0.002214379
Street Sweeper,52,5,24,0.002319904
Towing,52,2,1,0.004719764
Towing,52,2,2,0.002949853
Towing,52,2,3,0.018289086
Towing,52,2,4,0.01179941
Towing,52,2,5,0.010029499
Towing,52,2,6,0.017699115
Towing,52,2,7,0.029498525
Towing,52,2,8,0.025368732
Towing,52,2,9,0.032448378
Towing,52,2,10,0.041887906
Towing,52,2,11,0.07079646
Towing,52,2,12,0.084365782
Towing,52,2,13,0.155162242
Towing,52,2,14,0.0820059
Towing,52,2,15,0.061946903
Towing,52,2,16,0.064306785
Towing,52,2,17,0.04719764
Towing,52,2,18,0.047787611
Towing,52,2,19,0.050147493
Towing,52,2,20,0.055457227
Towing,52,2,21,0.021238938
Towing,52,2,22,0.026548673
Towing,52,2,23,0.029498525
Towing,52,2,24,0.008849558
Towing,52,5,1,0.002336457
Towing,52,5,2,0.002297186
Towing,52,5,3,0.004036731
Towing,52,5,4,0.002408451
Towing,52,5,5,0.004646592
Towing,52,5,6,0.036302239
Towing,52,5,7,0.06823421
Towing,52,5,8,0.045584825
Towing,52,5,9,0.085846818
Towing,52,5,10,0.077757368
Towing,52,5,11,0.093019702
Towing,52,5,12,0.077057242
Towing,52,5,13,0.067223435
Towing,52,5,14,0.062155947
Towing,52,5,15,0.072647271
Towing,52,5,16,0.095160896
Towing,52,5,17,0.039284948
Towing,52,5,18,0.063214034
Towing,52,5,19,0.038423193
Towing,52,5,20,0.02972451
Towing,52,5,21,0.014118488
Towing,52,5,22,0.006376015
Towing,52,5,23,0.005690161
Towing,52,5,24,0.006453283
Utility truck,52,2,1,0.022040914
Utility truck,52,2,2,0.02164497
Utility truck,52,2,3,0.015177875
Utility truck,52,2,4,0.015177875
Utility truck,52,2,5,0.0242846
Utility truck,52,2,6,0.039330494
Utility truck,52,2,7,0.080508729
Utility truck,52,2,8,0.097534345
Utility truck,52,2,9,0.103209551
Utility truck,52,2,10,0.105453237
Utility truck,52,2,11,0.085919971
Utility truck,52,2,12,0.108488812
Utility truck,52,2,13,0.07800108
Utility truck,52,2,14,0.051868738
Utility truck,52,2,15,0.028771972
Utility truck,52,2,16,0.013198152
Utility truck,52,2,17,0.015441838
Utility truck,52,2,18,0.002243686
Utility truck,52,2,19,0.006599076
Utility truck,52,2,20,0.021908933
Utility truck,52,2,21,0.021772952
Utility truck,52,2,22,0.017349571
Utility truck,52,2,23,0.013190153
Utility truck,52,2,24,0.010882476
Utility truck,52,5,1,0.00449801
Utility truck,52,5,2,0.001886126
Utility truck,52,5,3,0.00359389
Utility truck,52,5,4,0.002626681
Utility truck,52,5,5,0.00261243
Utility truck,52,5,6,0.001404111
Utility truck,52,5,7,0.076167794
Utility truck,52,5,8,0.138291878
Utility truck,52,5,9,0.088603605
Utility truck,52,5,10,0.093699825
Utility truck,52,5,11,0.084029501
Utility truck,52,5,12,0.061830058
Utility truck,52,5,13,0.073353144
Utility truck,52,5,14,0.083114422
Utility truck,52,5,15,0.084008399
Utility truck,52,5,16,0.099274791
Utility truck,52,5,17,0.014565955
Utility truck,52,5,18,0.014474285
Utility truck,52,5,19,0.010651969
Utility truck,52,5,20,0.019452514
Utility truck,52,5,21,0.006841304
Utility truck,52,5,22,0.008822742
Utility truck,52,5,23,0.013531995
Utility truck,52,5,24,0.012664571
Agricultural,61,2,1,0.016983534
Agricultural,61,2,2,0.010793979
Agricultural,61,2,3,0.024531771
Agricultural,61,2,4,0.03146834
Agricultural,61,2,5,0.052980816
Agricultural,61,2,6,0.013737792
Agricultural,61,2,7,0.074249493
Agricultural,61,2,8,0.067632205
Agricultural,61,2,9,0.066273522
Agricultural,61,2,10,0.03819408
Agricultural,61,2,11,0.075482371
Agricultural,61,2,12,0.062348439
Agricultural,61,2,13,0.082552554
Agricultural,61,2,14,0.059329144
Agricultural,61,2,15,0.07513012
Agricultural,61,2,16,0.059731717
Agricultural,61,2,17,0.047327447
Agricultural,61,2,18,0.02800396
Agricultural,61,2,19,0.032834832
Agricultural,61,2,20,0.014719062
Agricultural,61,2,21,0.031023255
Agricultural,61,2,22,0
Agricultural,61,2,23,0.015046153
Agricultural,61,2,24,0.019625417
Agricultural,61,5,1,0.014307014
Agricultural,61,5,2,0.023721841
Agricultural,61,5,3,0.028037045
Agricultural,61,5,4,0.038879605
Agricultural,61,5,5,0.048088376
Agricultural,61,5,6,0.037087468
Agricultural,61,5,7,0.028249314
Agricultural,61,5,8,0.082863878
Agricultural,61,5,9,0.034836864
Agricultural,61,5,10,0.026218244
Agricultural,61,5,11,0.039329874
Agricultural,61,5,12,0.03871344
Agricultural,61,5,13,0.038034371
Agricultural,61,5,14,0.096546107
Agricultural,61,5,15,0.071493169
Agricultural,61,5,16,0.057241668
Agricultural,61,5,17,0.04091622
Agricultural,61,5,18,0.039238242
Agricultural,61,5,19,0.05559423
Agricultural,61,5,20,0.032602958
Agricultural,61,5,21,0.034835239
Agricultural,61,5,22,0.049038785
Agricultural,61,5,23,0.028402073
Agricultural,61,5,24,0.015723977
Cement Mixers,61,2,1,0
Cement Mixers,61,2,2,0
Cement Mixers,61,2,3,0
Cement Mixers,61,2,4,0.074626866
Cement Mixers,61,2,5,0.024875622
Cement Mixers,61,2,6,0.099502488
Cement Mixers,61,2,7,0.107794362
Cement Mixers,61,2,8,0.091210614
Cement Mixers,61,2,9,0.124378109
Cement Mixers,61,2,10,0.089552239
Cement Mixers,61,2,11,0.069651741
Cement Mixers,61,2,12,0.049751244
Cement Mixers,61,2,13,0.074626866
Cement Mixers,61,2,14,0.029850746
Cement Mixers,61,2,15,0.064676617
Cement Mixers,61,2,16,0.024875622
Cement Mixers,61,2,17,0
Cement Mixers,61,2,18,0
Cement Mixers,61,2,19,0
Cement Mixers,61,2,20,0
Cement Mixers,61,2,21,0
Cement Mixers,61,2,22,0
Cement Mixers,61,2,23,0
Cement Mixers,61,2,24,0.074626866
Cement Mixers,61,5,1,0
Cement Mixers,61,5,2,0
Cement Mixers,61,5,3,0.015924315
Cement Mixers,61,5,4,0.018199217
Cement Mixers,61,5,5,0.085886304
Cement Mixers,61,5,6,0.103345553
Cement Mixers,61,5,7,0.040623252
Cement Mixers,61,5,8,0.114762453
Cement Mixers,61,5,9,0.0668906
Cement Mixers,61,5,10,0.098343594
Cement Mixers,61,5,11,0.135392
Cement Mixers,61,5,12,0.109364859
Cement Mixers,61,5,13,0.011021265
Cement Mixers,61,5,14,0.078137285
Cement Mixers,61,5,15,0.02119474
Cement Mixers,61,5,16,0.072796867
Cement Mixers,61,5,17,0.002797048
Cement Mixers,61,5,18,0.018199217
Cement Mixers,61,5,19,0
Cement Mixers,61,5,20,0
Cement Mixers,61,5,21,0
Cement Mixers,61,5,22,0
Cement Mixers,61,5,23,0.004747622
Cement Mixers,61,5,24,0.002373811
Construction,61,2,1,0
Construction,61,2,2,0
Construction,61,2,3,0
Construction,61,2,4,0
Construction,61,2,5,0
Construction,61,2,6,0.176470588
Construction,61,2,7,0
Construction,61,2,8,0.294117647
Construction,61,2,9,0.235294118
Construction,61,2,10,0.176470588
Construction,61,2,11,0.058823529
Construction,61,2,12,0
Construction,61,2,13,0.058823529
Construction,61,2,14,0
Construction,61,2,15,0
Construction,61,2,16,0
Construction,61,2,17,0
Construction,61,2,18,0
Construction,61,2,19,0
Construction,61,2,20,0
Construction,61,2,21,0
Construction,61,2,22,0
Construction,61,2,23,0
Construction,61,2,24,0
Construction,61,5,1,0
Construction,61,5,2,0
Construction,61,5,3,0
Construction,61,5,4,0.000617942
Construction,61,5,5,0.007172181
Construction,61,5,6,0.038930355
Construction,61,5,7,0.063351024
Construction,61,5,8,0.104466261
Construction,61,5,9,0.122350717
Construction,61,5,10,0.071490645
Construction,61,5,11,0.068092104
Construction,61,5,12,0.117510029
Construction,61,5,13,0.110092191
Construction,61,5,14,0.119778761
Construction,61,5,15,0.089328853
Construction,61,5,16,0.045223731
Construction,61,5,17,0.017154975
Construction,61,5,18,0.001905322
Construction,61,5,19,0.005080858
Construction,61,5,20,0.005715965
Construction,61,5,21,0.003175536
Construction,61,5,22,0.005715965
Construction,61,5,23,0.001610702
Construction,61,5,24,0.001235884
Drayage,61,2,1,0
Drayage,61,2,2,0.010592042
Drayage,61,2,3,0
Drayage,61,2,4,0.005296021
Drayage,61,2,5,0
Drayage,61,2,6,0.00413348
Drayage,61,2,7,0.06553741
Drayage,61,2,8,0.093914293
Drayage,61,2,9,0.130768888
Drayage,61,2,10,0.096049017
Drayage,61,2,11,0.096375345
Drayage,61,2,12,0.085388991
Drayage,61,2,13,0.112610131
Drayage,61,2,14,0.088108385
Drayage,61,2,15,0.078774063
Drayage,61,2,16,0.067813543
Drayage,61,2,17,0.025548712
Drayage,61,2,18,0.007313553
Drayage,61,2,19,0.026480105
Drayage,61,2,20,0.005296021
Drayage,61,2,21,0
Drayage,61,2,22,0
Drayage,61,2,23,0
Drayage,61,2,24,0
Drayage,61,5,1,0.056596302
Drayage,61,5,2,0.051209991
Drayage,61,5,3,0.030475312
Drayage,61,5,4,0.012161224
Drayage,61,5,5,0.003298803
Drayage,61,5,6,0.002446934
Drayage,61,5,7,0.023050414
Drayage,61,5,8,0.037949709
Drayage,61,5,9,0.047801656
Drayage,61,5,10,0.045105084
Drayage,61,5,11,0.047080635
Drayage,61,5,12,0.043562836
Drayage,61,5,13,0.03477231
Drayage,61,5,14,0.046361321
Drayage,61,5,15,0.038224711
Drayage,61,5,16,0.030026094
Drayage,61,5,17,0.036662044
Drayage,61,5,18,0.055618823
Drayage,61,5,19,0.067736288
Drayage,61,5,20,0.058926242
Drayage,61,5,21,0.070188425
Drayage,61,5,22,0.059684255
Drayage,61,5,23,0.045465392
Drayage,61,5,24,0.055595194
Food Distribution,61,2,1,0.069157933
Food Distribution,61,2,2,0.059949404
Food Distribution,61,2,3,0.04491507
Food Distribution,61,2,4,0.034203108
Food Distribution,61,2,5,0.046418504
Food Distribution,61,2,6,0.034391037
Food Distribution,61,2,7,0.029692808
Food Distribution,61,2,8,0.006389592
Food Distribution,61,2,9,0.00676545
Food Distribution,61,2,10,0.008268883
Food Distribution,61,2,11,0.004698229
Food Distribution,61,2,12,0.00225515
Food Distribution,61,2,13,0
Food Distribution,61,2,14,0.06972172
Food Distribution,61,2,15,0.010336104
Food Distribution,61,2,16,0.025934225
Food Distribution,61,2,17,0.059197687
Food Distribution,61,2,18,0.037585833
Food Distribution,61,2,19,0.053747741
Food Distribution,61,2,20,0.076491989
Food Distribution,61,2,21,0.081566076
Food Distribution,61,2,22,0.110136128
Food Distribution,61,2,23,0.076684737
Food Distribution,61,2,24,0.051492591
Food Distribution,61,5,1,0.065693209
Food Distribution,61,5,2,0.058634938
Food Distribution,61,5,3,0.043427763
Food Distribution,61,5,4,0.045230962
Food Distribution,61,5,5,0.028537968
Food Distribution,61,5,6,0.032229994
Food Distribution,61,5,7,0.016605499
Food Distribution,61,5,8,0.01305267
Food Distribution,61,5,9,0.010674396
Food Distribution,61,5,10,0.006535344
Food Distribution,61,5,11,0.015841906
Food Distribution,61,5,12,0.006184309
Food Distribution,61,5,13,0.003440146
Food Distribution,61,5,14,0.060351697
Food Distribution,61,5,15,0.047996336
Food Distribution,61,5,16,0.035879597
Food Distribution,61,5,17,0.035561163
Food Distribution,61,5,18,0.039763306
Food Distribution,61,5,19,0.051138203
Food Distribution,61,5,20,0.093805025
Food Distribution,61,5,21,0.071785438
Food Distribution,61,5,22,0.075471106
Food Distribution,61,5,23,0.076292759
Food Distribution,61,5,24,0.065866266
Line Haul,61,2,1,0.024412311
Line Haul,61,2,2,0.061859249
Line Haul,61,2,3,0.032515093
Line Haul,61,2,4,0.022610249
Line Haul,61,2,5,0.028352156
Line Haul,61,2,6,0.02422243
Line Haul,61,2,7,0.064129876
Line Haul,61,2,8,0.08720869
Line Haul,61,2,9,0.03037731
Line Haul,61,2,10,0.05263812
Line Haul,61,2,11,0.077684794
Line Haul,61,2,12,0.060069925
Line Haul,61,2,13,0.075046421
Line Haul,61,2,14,0.045565965
Line Haul,61,2,15,0.049069992
Line Haul,61,2,16,0.012455548
Line Haul,61,2,17,0.052654004
Line Haul,61,2,18,0.021061602
Line Haul,61,2,19,0.057919404
Line Haul,61,2,20,0
Line Haul,61,2,21,0.057919404
Line Haul,61,2,22,0.010530801
Line Haul,61,2,23,0.031592402
Line Haul,61,2,24,0.020104256
Line Haul,61,5,1,0.022450671
Line Haul,61,5,2,0.040528552
Line Haul,61,5,3,0.016976342
Line Haul,61,5,4,0.042806314
Line Haul,61,5,5,0.014241149
Line Haul,61,5,6,0.033580592
Line Haul,61,5,7,0.039673971
Line Haul,61,5,8,0.072623463
Line Haul,61,5,9,0.109329202
Line Haul,61,5,10,0.10781502
Line Haul,61,5,11,0.071193862
Line Haul,61,5,12,0.067926909
Line Haul,61,5,13,0.033120637
Line Haul,61,5,14,0.055142794
Line Haul,61,5,15,0.048450385
Line Haul,61,5,16,0.044380799
Line Haul,61,5,17,0.035771531
Line Haul,61,5,18,0.032140504
Line Haul,61,5,19,0.019576032
Line Haul,61,5,20,0.022239514
Line Haul,61,5,21,0.014426451
Line Haul,61,5,22,0.017901929
Line Haul,61,5,23,0.021383544
Line Haul,61,5,24,0.016319834
Municipal Work,61,2,1,0
Municipal Work,61,2,2,0
Municipal Work,61,2,3,0
Municipal Work,61,2,4,0
Municipal Work,61,2,5,0
Municipal Work,61,2,6,0
Municipal Work,61,2,7,0
Municipal Work,61,2,8,0
Municipal Work,61,2,9,0
Municipal Work,61,2,10,0
Municipal Work,61,2,11,0
Municipal Work,61,2,12,0
Municipal Work,61,2,13,0
Municipal Work,61,2,14,0
Municipal Work,61,2,15,0
Municipal Work,61,2,16,0
Municipal Work,61,2,17,0
Municipal Work,61,2,18,0
Municipal Work,61,2,19,0
Municipal Work,61,2,20,0
Municipal Work,61,2,21,0
Municipal Work,61,2,22,0
Municipal Work,61,2,23,0
Municipal Work,61,2,24,0
Municipal Work,61,5,1,0
Municipal Work,61,5,2,0
Municipal Work,61,5,3,0
Municipal Work,61,5,4,0
Municipal Work,61,5,5,0
Municipal Work,61,5,6,0.000384738
Municipal Work,61,5,7,0.201859091
Municipal Work,61,5,8,0.029449065
Municipal Work,61,5,9,0.17574442
Municipal Work,61,5,10,0.076757563
Municipal Work,61,5,11,0.02141707
Municipal Work,61,5,12,0.103494464
Municipal Work,61,5,13,0.015004774
Municipal Work,61,5,14,0.160435656
Municipal Work,61,5,15,0.188265023
Municipal Work,61,5,16,0.023340759
Municipal Work,61,5,17,0.002693164
Municipal Work,61,5,18,0.001154213
Municipal Work,61,5,19,0
Municipal Work,61,5,20,0
Municipal Work,61,5,21,0
Municipal Work,61,5,22,0
Municipal Work,61,5,23,0
Municipal Work,61,5,24,0
